--;20735:493:0;900.77;33.33;90946.15;133;88;8.066421;656677.380000;31;12.13
--;20735:493:0;900.86;33.34;90946.34;132;88;8.066421;656677.380000;31;12.13
--;20735:493:0;900.96;33.35;90946.32;133;88;8.066421;656677.380000;31;12.13
--;20735:493:0;901.04;33.36;90946.36;133;88;8.066421;656677.380000;31;12.13
--;20735:493:0;901.11;33.36;90946.45;133;88;8.066421;656677.380000;31;12.13
--;20735:493:0;901.17;33.40;90946.43;133;88;8.066421;656677.380000;31;12.13
--;20735:493:0;901.22;33.40;90946.51;133;88;8.066421;656677.380000;31;12.13
--;20735:493:0;901.28;33.41;90946.48;132;87;8.066421;656677.380000;31;12.13
--;20735:493:0;901.33;33.40;90946.51;133;88;8.066421;656677.380000;31;12.13
--;20735:493:0;901.36;33.44;90946.66;133;88;8.066421;656677.380000;31;12.13
--;20735:493:0;901.40;33.43;90946.68;133;87;8.066421;656677.380000;31;12.13
--;20735:493:0;901.43;33.46;90946.73;133;87;8.066421;656677.380000;31;12.13
--;20735:493:0;901.46;33.47;90946.70;133;88;8.066421;656677.380000;31;12.13
--;20735:493:0;901.49;33.46;90946.71;133;88;8.066421;656677.380000;31;12.13
--;20735:493:0;901.52;33.48;90946.72;132;88;8.066421;656677.380000;31;12.13
--;20735:493:0;901.56;33.48;90946.59;133;87;8.066421;656677.380000;31;12.13
--;20735:493:0;901.59;33.47;90946.49;133;88;8.066421;656677.380000;31;12.13
--;20735:493:0;901.61;33.49;90946.51;133;87;8.066421;656677.380000;31;12.13
--;20735:493:0;901.63;33.51;90946.59;133;88;8.066421;656677.380000;31;12.13
--;20735:493:0;901.64;33.53;90946.64;133;88;8.066421;656677.380000;31;12.13
--;20735:493:0;901.67;33.55;90946.59;132;87;8.066421;656677.380000;31;12.13
--;20735:493:0;901.68;33.56;90946.63;133;87;8.066421;656677.380000;31;12.13
--;20735:493:0;901.70;33.59;90946.67;132;87;8.066421;656677.380000;31;12.13
--;20735:493:0;901.71;33.59;90946.74;132;88;8.066421;656677.380000;31;12.13
--;20735:493:0;901.72;33.61;90946.78;133;87;8.066421;656677.380000;31;12.13
--;20735:493:0;901.72;33.62;90946.88;133;87;8.066421;656677.380000;31;12.13
--;20735:493:0;901.74;33.64;90946.85;133;88;8.066421;656677.380000;31;12.13
--;20735:493:0;901.75;33.68;90946.91;133;88;8.066421;656677.380000;31;12.13
--;20735:493:0;901.75;33.71;90947.00;133;88;8.066421;656677.380000;31;12.13
--;20735:493:0;901.76;33.75;90947.05;133;87;8.066421;656677.380000;31;12.13
--;20735:493:0;901.77;33.76;90947.05;133;88;8.066421;656677.380000;31;12.13
--;20735:493:0;901.78;33.79;90947.13;132;87;8.066421;656677.380000;31;12.13
--;20735:493:0;901.78;33.81;90947.20;133;87;8.066421;656677.380000;31;12.13
--;20735:493:0;901.78;33.83;90947.25;133;88;8.066421;656677.380000;31;12.13
--;8:23:51;901.79;33.85;90947.34;133;88;38.387901;33.741402;4;930.60
--;8:23:51;901.79;33.83;90947.41;133;88;38.387901;33.741402;4;930.60
--;8:23:54;901.79;33.82;90947.49;132;88;38.387913;33.741394;4;930.70
--;8:23:54;901.79;33.86;90947.63;133;88;38.387913;33.741394;4;930.70
--;8:23:56;901.80;33.89;90947.63;132;87;38.387917;33.741394;4;931.70
--;8:23:59;901.80;33.90;90947.69;133;88;38.387901;33.741322;4;933.90
--;8:23:59;901.80;33.90;90947.74;133;88;38.387901;33.741322;4;933.90
--;8:24:2;901.80;33.88;90947.89;133;88;38.387878;33.741440;4;933.90
--;8:24:4;901.80;33.90;90947.91;133;87;38.387928;33.741402;5;925.80
--;8:24:4;901.81;33.88;90947.98;133;88;38.387928;33.741402;5;925.80
--;8:24:7;901.81;33.88;90948.03;133;87;38.387909;33.741421;5;924.20
--;8:24:7;901.81;33.90;90948.12;133;87;38.387909;33.741421;5;924.20
--;8:24:7;901.81;33.92;90948.16;133;88;38.387909;33.741421;5;924.20
--;8:24:12;901.81;33.94;90948.17;133;88;38.387886;33.741421;5;911.50
--;8:24:12;901.82;33.94;90948.19;133;88;38.387886;33.741421;5;911.50
--;8:24:15;901.82;33.97;90948.18;133;88;38.387939;33.741375;5;911.50
--;8:24:17;901.83;33.97;90948.22;133;87;38.387928;33.741375;4;926.30
--;8:24:17;901.83;34.02;90948.23;133;88;38.387928;33.741375;4;926.30
--;8:24:20;901.83;34.04;90948.25;133;87;38.387917;33.741405;5;923.20
--;8:24:20;901.84;34.06;90948.20;132;88;38.387917;33.741405;5;923.20
--;8:24:20;901.84;34.09;90948.24;133;87;38.387917;33.741405;5;923.20
--;8:24:25;901.84;34.11;90948.30;133;88;38.387909;33.741421;5;923.30
--;8:24:25;901.85;34.14;90948.31;133;88;38.387909;33.741421;5;923.30
--;8:24:28;901.85;34.16;90948.30;132;88;38.387905;33.741428;5;923.20
--;8:24:28;901.85;34.19;90948.30;133;88;38.387905;33.741428;5;923.20
--;8:24:30;901.86;34.20;90948.31;133;87;38.387905;33.741432;5;923.30
--;8:24:33;901.86;34.24;90948.33;133;87;38.387905;33.741432;4;923.40
--;8:24:33;901.86;34.27;90948.32;132;87;38.387905;33.741432;4;923.40
--;8:24:33;901.87;34.29;90948.30;133;88;38.387905;33.741432;4;923.40
--;8:24:38;901.87;34.31;90948.33;133;88;38.387905;33.741436;5;923.50
--;8:24:38;901.87;34.34;90948.32;133;88;38.387905;33.741436;5;923.50
--;8:24:41;901.87;34.38;90948.33;132;88;38.387905;33.741436;5;923.50
--;8:24:43;901.88;34.39;90948.36;133;88;38.387905;33.741436;5;923.50
--;8:24:43;901.88;34.38;90948.41;132;88;38.387905;33.741436;5;923.50
--;8:24:46;901.88;34.41;90948.45;132;88;38.387905;33.741436;5;923.50
--;8:24:48;901.88;34.43;90948.46;133;88;38.387905;33.741436;5;923.50
--;8:24:48;901.88;34.48;90948.42;133;88;38.387905;33.741436;5;923.50
--;8:24:51;901.88;34.47;90948.45;133;88;38.387901;33.741436;5;923.50
--;8:24:51;901.89;34.48;90948.42;133;88;38.387901;33.741436;5;923.50
--;8:24:53;901.89;34.50;90948.41;133;88;38.387901;33.741436;4;923.50
--;8:24:56;901.89;34.53;90948.39;133;87;38.387897;33.741440;4;923.50
--;8:24:56;901.90;34.56;90948.38;133;88;38.387897;33.741440;4;923.50
--;8:24:58;901.90;34.58;90948.38;133;88;38.387894;33.741440;5;923.50
--;8:25:1;901.91;34.58;90948.35;132;88;38.387894;33.741436;5;923.50
--;8:25:1;901.91;34.60;90948.36;133;87;38.387894;33.741436;5;923.50
--;8:25:3;901.91;34.62;90948.34;133;88;38.387894;33.741436;5;923.50
--;8:25:6;901.91;34.64;90948.33;133;88;38.387890;33.741436;5;923.50
--;8:25:6;901.92;34.63;90948.28;133;88;38.387890;33.741436;5;923.50
--;8:25:8;901.92;34.65;90948.29;133;88;38.387890;33.741436;5;923.50
--;8:25:11;901.92;34.66;90948.28;133;88;38.387886;33.741436;5;923.50
--;8:25:11;901.92;34.65;90948.27;133;88;38.387886;33.741436;5;923.50
--;8:25:13;901.93;34.68;90948.27;133;88;38.387886;33.741432;5;923.50
--;8:25:16;901.93;34.70;90948.28;133;87;38.387886;33.741432;5;923.50
--;8:25:16;901.93;34.73;90948.28;133;88;38.387886;33.741432;5;923.50
--;8:25:18;901.93;34.72;90948.27;133;88;38.387882;33.741428;5;923.50
--;8:25:21;901.93;34.73;90948.27;134;88;38.387882;33.741428;5;923.50
--;8:25:21;901.93;34.74;90948.29;140;87;38.387882;33.741428;5;923.50
--;8:25:23;901.93;34.76;90948.31;136;88;38.387882;33.741428;5;923.50
--;8:25:26;901.94;34.76;90948.32;134;88;38.387882;33.741425;5;923.50
--;8:25:26;901.94;34.78;90948.31;134;87;38.387882;33.741425;5;923.50
--;8:25:28;901.94;34.81;90948.34;133;87;38.387886;33.741425;5;923.50
--;8:25:31;901.94;34.82;90948.37;134;87;38.387882;33.741421;5;923.50
--;8:25:31;901.94;34.84;90948.36;134;87;38.387882;33.741421;5;923.50
--;8:25:33;901.94;34.84;90948.37;134;88;38.387882;33.741421;5;923.50
--;8:25:36;901.94;34.87;90948.39;134;87;38.387882;33.741421;5;923.50
--;8:25:36;901.94;34.88;90948.40;134;88;38.387882;33.741421;5;923.50
--;8:25:38;901.94;34.92;90948.42;134;88;38.387878;33.741425;5;923.50
--;8:25:41;901.94;34.95;90948.43;134;87;38.387878;33.741428;5;923.50
--;8:25:41;901.94;35.00;90948.46;134;87;38.387878;33.741428;5;923.50
--;8:25:43;901.94;35.01;90948.51;134;88;38.387875;33.741428;5;923.60
--;8:25:46;901.94;35.04;90948.55;133;87;38.387867;33.741428;5;923.60
--;8:25:46;901.94;35.07;90948.57;134;88;38.387867;33.741428;5;923.60
--;8:25:49;901.94;35.08;90948.59;134;87;38.387863;33.741428;5;923.60
--;8:25:51;901.94;35.10;90948.63;134;88;38.387863;33.741428;6;923.60
--;8:25:51;901.94;35.10;90948.64;134;88;38.387863;33.741428;6;923.60
--;8:25:54;901.94;35.13;90948.66;134;87;38.387867;33.741432;6;923.60
--;8:25:54;901.93;35.16;90948.69;133;88;38.387867;33.741432;6;923.60
--;8:25:56;901.94;35.20;90948.69;133;88;38.387867;33.741436;6;923.60
--;8:25:59;901.94;35.21;90948.69;134;88;38.387867;33.741432;6;923.60
--;8:25:59;901.94;35.23;90948.68;134;88;38.387867;33.741432;6;923.60
--;8:25:59;901.94;35.22;90948.71;134;88;38.387867;33.741432;6;923.60
--;8:26:4;901.94;35.24;90948.73;134;88;38.387867;33.741432;6;923.60
--;8:26:4;901.94;35.26;90948.70;134;88;38.387867;33.741432;6;923.60
--;8:26:7;901.94;35.30;90948.73;134;87;38.387863;33.741436;6;923.60
--;8:26:7;901.94;35.30;90948.73;134;87;38.387863;33.741436;6;923.60
--;8:26:9;901.94;35.33;90948.76;134;88;38.387863;33.741436;6;923.60
--;8:26:12;901.94;35.38;90948.77;134;87;38.387863;33.741440;6;923.60
--;8:26:12;901.94;35.40;90948.80;134;88;38.387863;33.741440;6;923.60
--;8:26:15;901.94;35.42;90948.82;134;88;38.387859;33.741444;6;923.60
--;8:26:17;901.94;35.43;90948.84;134;88;38.387856;33.741447;6;923.60
--;8:26:17;901.94;35.44;90948.85;134;88;38.387856;33.741447;6;923.60
--;8:26:20;901.94;35.45;90948.87;134;88;38.387852;33.741451;6;923.50
--;8:26:20;901.94;35.45;90948.89;134;87;38.387852;33.741451;6;923.50
--;8:26:22;901.94;35.47;90948.88;134;88;38.387848;33.741455;6;923.30
--;8:26:25;901.94;35.41;90948.90;134;88;38.387844;33.741467;6;922.90
--;8:26:25;901.94;35.44;90948.89;134;88;38.387844;33.741467;6;922.90
--;8:26:28;901.94;35.44;90948.89;134;88;38.387840;33.741467;6;922.90
--;8:26:30;901.94;35.44;90948.91;134;88;38.387836;33.741467;6;922.90
--;8:26:30;901.94;35.48;90948.88;134;88;38.387836;33.741467;6;922.90
--;8:26:33;901.94;35.51;90948.91;134;88;38.387836;33.741474;6;922.90
--;8:26:33;901.94;35.52;90948.88;134;88;38.387836;33.741474;6;922.90
--;8:26:33;901.94;35.59;90948.88;134;88;38.387836;33.741474;6;922.90
--;8:26:38;901.95;35.57;90948.88;134;87;38.387840;33.741474;6;922.90
--;8:26:38;901.95;35.59;90948.87;134;87;38.387840;33.741474;6;922.90
--;8:26:41;901.95;35.63;90948.87;134;88;38.387840;33.741478;6;922.90
--;8:26:43;901.95;35.65;90948.87;133;88;38.387844;33.741474;6;922.80
--;8:26:43;901.95;35.68;90948.88;134;88;38.387844;33.741474;6;922.80
--;8:26:46;901.95;35.71;90948.88;135;87;38.387852;33.741467;6;922.80
--;8:26:48;901.95;35.71;90948.87;134;88;38.387856;33.741467;6;922.60
--;8:26:48;901.95;35.70;90948.86;135;88;38.387856;33.741467;6;922.60
--;8:26:51;901.95;35.71;90948.86;133;87;38.387852;33.741467;6;922.60
--;8:26:53;901.95;35.71;90948.85;134;88;38.387848;33.741467;6;922.60
--;8:26:53;901.96;35.74;90948.84;134;87;38.387848;33.741467;6;922.60
--;8:26:56;901.96;35.76;90948.84;134;88;38.387840;33.741467;6;922.60
--;8:26:58;901.96;35.79;90948.84;134;88;38.387840;33.741470;6;922.60
--;8:26:58;901.96;35.85;90948.83;134;88;38.387840;33.741470;6;922.60
--;8:27:1;901.96;35.89;90948.83;134;87;38.387836;33.741470;6;922.60
--;8:27:1;901.96;35.90;90948.85;134;88;38.387836;33.741470;6;922.60
--;8:27:3;901.96;35.94;90948.88;134;88;38.387836;33.741470;6;922.60
--;8:27:6;901.96;35.96;90948.91;134;88;38.387836;33.741474;6;922.60
--;8:27:6;901.96;35.98;90948.89;134;87;38.387836;33.741474;6;922.60
--;8:27:8;901.96;36.01;90948.86;134;88;38.387840;33.741474;6;922.60
--;8:27:11;901.96;36.04;90948.85;133;88;38.387840;33.741474;6;922.60
--;8:27:13;901.96;36.07;90948.84;134;88;38.387844;33.741474;5;922.60
--;8:27:13;901.96;36.11;90948.83;134;88;38.387844;33.741474;5;922.60
--;8:27:16;901.97;36.13;90948.80;134;87;38.387848;33.741470;5;922.60
--;8:27:16;901.97;36.12;90948.78;134;88;38.387848;33.741470;5;922.60
--;8:27:18;901.97;36.12;90948.77;134;88;38.387848;33.741470;5;922.60
--;8:27:21;901.97;36.17;90948.77;134;88;38.387852;33.741467;5;922.60
--;8:27:21;901.97;36.16;90948.77;134;87;38.387852;33.741467;5;922.60
--;8:27:23;901.97;36.19;90948.77;134;88;38.387852;33.741467;5;922.60
--;8:27:26;901.97;36.19;90948.77;134;87;38.387856;33.741467;5;922.60
--;8:27:26;901.97;36.19;90948.77;134;88;38.387856;33.741467;5;922.60
--;8:27:28;901.97;36.20;90948.80;134;87;38.387856;33.741467;5;922.60
--;8:27:31;901.97;36.22;90948.83;134;88;38.387856;33.741463;5;922.60
--;8:27:31;901.97;36.24;90948.86;133;88;38.387856;33.741463;5;922.60
--;8:27:33;901.97;36.23;90948.86;134;88;38.387859;33.741463;5;922.60
--;8:27:36;901.97;36.25;90948.86;134;88;38.387863;33.741459;5;922.60
--;8:27:36;901.97;36.30;90948.88;134;88;38.387863;33.741459;5;922.60
--;8:27:38;901.97;36.34;90948.91;134;88;38.387863;33.741459;5;922.60
--;8:27:41;901.97;36.37;90948.94;133;88;38.387867;33.741459;5;922.60
--;8:27:41;901.97;36.36;90948.94;133;88;38.387867;33.741459;5;922.60
--;8:27:41;901.97;36.38;90948.94;134;88;38.387867;33.741459;5;922.60
--;8:27:46;901.97;36.40;90948.95;133;88;38.387871;33.741455;5;922.60
--;8:27:46;901.96;36.40;90948.99;134;88;38.387871;33.741455;5;922.60
--;8:27:46;901.96;36.41;90949.01;134;88;38.387871;33.741455;5;922.60
--;8:27:51;901.96;36.43;90949.02;134;88;38.387878;33.741451;5;922.60
--;8:27:51;901.96;36.45;90949.03;134;88;38.387878;33.741451;5;922.60
--;8:27:54;901.96;36.45;90949.02;134;87;38.387886;33.741447;5;922.60
--;8:27:56;901.96;36.41;90949.02;134;88;38.387890;33.741444;5;922.60
--;8:27:56;901.96;36.40;90949.05;134;87;38.387890;33.741444;5;922.60
--;8:27:59;901.96;36.39;90949.05;134;88;38.387894;33.741444;5;922.60
--;8:27:59;901.96;36.43;90949.08;133;87;38.387894;33.741444;5;922.60
--;8:27:59;901.96;36.44;90949.09;134;87;38.387894;33.741444;5;922.60
--;8:28:4;901.96;36.47;90949.12;134;87;38.387905;33.741444;6;922.60
--;8:28:4;901.96;36.50;90949.13;134;88;38.387905;33.741444;6;922.60
--;8:28:7;901.96;36.53;90949.15;133;88;38.387917;33.741440;6;922.60
--;8:28:7;901.96;36.53;90949.16;134;87;38.387917;33.741440;6;922.60
--;8:28:9;901.96;36.58;90949.20;134;87;38.387917;33.741447;6;922.60
--;8:28:12;901.95;36.58;90949.25;134;88;38.387920;33.741451;6;922.60
--;8:28:12;901.95;36.57;90949.27;134;88;38.387920;33.741451;6;922.60
--;8:28:15;901.95;36.60;90949.30;134;88;38.387924;33.741455;6;922.60
--;8:28:17;901.95;36.64;90949.32;134;88;38.387924;33.741455;6;922.60
--;8:28:17;901.95;36.66;90949.37;133;88;38.387924;33.741455;6;922.60
--;8:28:20;901.95;36.61;90949.41;134;87;38.387920;33.741455;6;922.60
--;8:28:20;901.95;36.60;90949.42;134;87;38.387920;33.741455;6;922.60
--;8:28:22;901.95;36.56;90949.41;134;88;38.387920;33.741455;6;922.50
--;8:28:25;901.95;36.45;90949.42;134;88;38.387917;33.741447;6;922.30
--;8:28:25;901.95;36.43;90949.45;134;88;38.387917;33.741447;6;922.30
--;8:28:28;901.95;36.42;90949.45;134;88;38.387909;33.741447;6;922.30
--;8:28:30;901.95;36.42;90949.46;133;87;38.387909;33.741444;6;922.30
--;8:28:30;901.95;36.48;90949.47;134;88;38.387909;33.741444;6;922.30
--;8:28:33;901.94;36.50;90949.50;134;88;38.387905;33.741444;6;922.30
--;8:28:33;901.94;36.54;90949.52;134;88;38.387905;33.741444;6;922.30
--;8:28:33;901.94;36.54;90949.52;133;88;38.387905;33.741444;6;922.30
--;8:28:38;901.94;36.51;90949.53;134;88;38.387901;33.741444;6;922.30
--;8:28:38;901.94;36.56;90949.54;134;88;38.387901;33.741444;6;922.30
--;8:28:41;901.94;36.62;90949.58;133;87;38.387897;33.741444;6;922.30
--;8:28:43;901.94;36.65;90949.59;134;87;38.387894;33.741444;6;922.30
--;8:28:43;901.94;36.65;90949.59;134;88;38.387894;33.741444;6;922.30
--;8:28:46;901.94;36.68;90949.59;134;88;38.387890;33.741444;6;922.30
--;8:28:48;901.94;36.72;90949.59;134;88;38.387890;33.741444;6;922.30
--;8:28:48;901.94;36.74;90949.59;134;87;38.387890;33.741444;6;922.30
--;8:28:51;901.94;36.78;90949.56;134;88;38.387890;33.741444;6;922.40
--;8:28:53;901.94;36.72;90949.58;134;88;38.387890;33.741444;6;922.40
--;8:28:53;901.94;36.73;90949.56;134;88;38.387890;33.741444;6;922.40
--;8:28:56;901.94;36.77;90949.54;134;88;38.387890;33.741444;6;922.40
--;8:28:56;901.94;36.78;90949.55;134;88;38.387890;33.741444;6;922.40
--;8:28:58;901.94;36.63;90949.54;134;88;38.387890;33.741444;6;922.40
--;8:29:1;901.94;36.53;90949.55;134;87;38.387894;33.741444;6;922.40
--;8:29:1;901.94;36.35;90949.53;134;88;38.387894;33.741444;6;922.40
--;8:29:3;901.95;36.38;90949.52;134;88;38.387894;33.741447;6;922.40
--;8:29:6;901.95;36.33;90949.52;133;87;38.387894;33.741455;6;922.40
--;8:29:6;901.94;36.37;90949.55;134;88;38.387894;33.741455;6;922.40
--;8:29:8;901.94;36.43;90949.55;134;88;38.387897;33.741459;6;922.40
--;8:29:11;901.94;36.34;90949.56;134;88;38.387901;33.741463;6;922.40
--;8:29:11;901.95;36.20;90949.55;133;88;38.387901;33.741463;6;922.40
--;8:29:13;901.95;36.18;90949.52;134;87;38.387905;33.741467;6;922.40
--;8:29:16;901.95;36.14;90949.50;133;88;38.387905;33.741470;6;922.40
--;8:29:16;901.95;36.08;90949.51;133;88;38.387905;33.741470;6;922.40
--;8:29:18;901.95;36.10;90949.48;134;88;38.387909;33.741470;6;922.40
--;8:29:21;901.95;36.03;90949.45;133;88;38.387909;33.741467;6;922.40
--;8:29:21;901.95;36.04;90949.43;134;88;38.387909;33.741467;6;922.40
--;8:29:23;901.95;36.02;90949.44;134;87;38.387905;33.741467;6;922.40
--;8:29:26;901.95;36.08;90949.45;134;88;38.387905;33.741467;6;922.40
--;8:29:26;901.95;36.14;90949.44;133;88;38.387905;33.741467;6;922.40
--;8:29:26;901.95;36.22;90949.45;134;88;38.387905;33.741467;6;922.40
--;8:29:31;901.95;36.31;90949.45;134;87;38.387905;33.741463;6;922.40
--;8:29:31;901.95;36.30;90949.45;134;88;38.387905;33.741463;6;922.40
--;8:29:34;901.95;36.38;90949.44;133;88;38.387905;33.741463;6;922.40
--;8:29:36;901.95;36.45;90949.46;134;88;38.387905;33.741459;6;922.40
--;8:29:36;901.95;36.47;90949.44;134;88;38.387905;33.741459;6;922.40
--;8:29:39;901.95;36.54;90949.43;134;88;38.387905;33.741455;6;922.40
--;8:29:39;901.96;36.49;90949.40;134;88;38.387905;33.741455;6;922.40
--;8:29:41;901.96;36.43;90949.38;134;87;38.387901;33.741451;6;922.40
--;8:29:44;901.96;36.32;90949.36;134;88;38.387901;33.741444;6;922.40
--;8:29:44;901.96;36.33;90949.34;134;87;38.387901;33.741444;6;922.40
--;8:29:47;901.96;36.33;90949.35;134;88;38.387905;33.741440;6;922.40
--;8:29:49;901.96;36.31;90949.34;134;88;38.387905;33.741440;6;922.40
--;8:29:49;901.96;36.27;90949.34;134;88;38.387905;33.741440;6;922.40
--;8:29:52;901.96;36.25;90949.31;134;88;38.387901;33.741440;6;922.40
--;8:29:52;901.96;36.15;90949.29;106;75;38.387901;33.741440;6;922.40
--;8:29:54;901.96;36.13;90949.25;92;90;38.387901;33.741440;6;922.40
--;8:29:57;901.97;36.11;90949.18;94;108;38.387897;33.741440;6;922.50
--;8:29:57;901.97;36.13;90949.13;88;103;38.387897;33.741440;6;922.50
--;8:30:0;901.97;36.16;90949.06;89;107;38.387897;33.741440;6;922.50
--;8:30:2;901.97;36.20;90949.02;90;106;38.387897;33.741436;6;922.50
--;8:30:2;901.98;36.20;90948.96;86;107;38.387897;33.741436;6;922.50
--;8:30:5;901.98;36.24;90948.88;87;110;38.387897;33.741436;6;922.50
--;8:30:5;901.98;36.25;90948.83;85;107;38.387897;33.741436;6;922.50
--;8:30:5;901.98;36.27;90948.79;81;109;38.387897;33.741436;6;922.50
--;8:30:10;901.98;36.29;90948.76;82;108;38.387897;33.741428;6;922.50
--;8:30:10;901.98;36.30;90948.73;82;113;38.387897;33.741428;6;922.50
--;8:30:13;901.99;36.29;90948.71;97;107;38.387901;33.741428;6;922.40
--;8:30:13;901.99;36.23;90948.71;80;86;38.387901;33.741428;6;922.40
--;8:30:15;901.99;36.09;90948.68;87;88;38.387901;33.741428;6;922.40
--;8:30:18;901.99;36.00;90948.63;101;88;38.387897;33.741425;6;922.40
--;8:30:18;901.99;35.88;90948.64;91;88;38.387897;33.741425;6;922.40
--;8:30:21;901.99;35.80;90948.64;99;89;38.387897;33.741428;6;922.40
--;8:30:23;901.99;35.83;90948.63;93;88;38.387894;33.741428;6;922.50
--;8:30:23;901.99;35.81;90948.59;105;88;38.387894;33.741428;6;922.50
--;8:30:26;901.99;35.76;90948.60;109;88;38.387890;33.741425;6;922.50
--;8:30:28;901.99;35.82;90948.59;109;88;38.387890;33.741425;6;922.50
--;8:30:28;901.99;35.77;90948.57;110;88;38.387890;33.741425;6;922.50
--;8:30:31;901.99;35.82;90948.55;110;88;38.387890;33.741421;6;922.50
--;8:30:33;902.00;35.84;90948.54;110;88;38.387890;33.741417;6;922.50
--;8:30:33;902.00;35.91;90948.53;110;88;38.387890;33.741417;6;922.50
--;8:30:36;902.00;35.95;90948.51;111;88;38.387890;33.741413;6;922.50
--;8:30:36;902.00;35.98;90948.48;110;88;38.387890;33.741413;6;922.50
--;8:30:38;902.00;36.03;90948.45;111;88;38.387890;33.741413;6;922.50
--;8:30:41;902.00;36.04;90948.41;110;88;38.387894;33.741417;6;922.50
--;8:30:41;902.00;35.93;90948.41;111;88;38.387894;33.741417;6;922.50
--;8:30:43;902.00;35.84;90948.42;111;87;38.387897;33.741417;6;922.50
--;8:30:46;902.00;35.78;90948.41;111;88;38.387901;33.741413;6;922.50
--;8:30:46;902.00;35.84;90948.40;110;88;38.387901;33.741413;6;922.50
--;8:30:48;902.00;35.88;90948.41;111;88;38.387901;33.741413;6;922.50
--;8:31:40;902.01;36.89;90948.42;53;121;38.387737;33.741676;6;922.00
--;8:31:42;902.01;36.88;90948.43;56;111;38.387722;33.741688;6;918.50
--;8:31:42;902.01;36.86;90948.39;58;116;38.387722;33.741688;6;918.50
--;8:31:45;902.02;36.93;90948.37;55;117;38.387718;33.741692;6;917.20
--;8:31:45;902.02;36.89;90948.35;53;127;38.387718;33.741692;6;917.20
--;8:31:45;902.02;36.88;90948.31;63;118;38.387718;33.741692;6;917.20
--;8:31:50;902.02;36.84;90948.27;56;120;38.387718;33.741695;6;916.30
--;8:31:50;902.02;36.87;90948.23;56;123;38.387718;33.741695;6;916.30
--;8:31:53;902.02;36.73;90948.23;59;114;38.387718;33.741695;6;916.30
--;8:31:55;902.02;36.79;90948.21;75;114;38.387722;33.741695;6;915.80
--;8:31:55;902.02;36.81;90948.21;84;112;38.387722;33.741695;6;915.80
--;8:31:58;902.02;36.85;90948.18;84;113;38.387726;33.741695;6;915.60
--;8:31:58;902.02;36.76;90948.20;84;115;38.387726;33.741695;6;915.60
--;8:31:58;902.02;36.92;90948.19;84;116;38.387726;33.741695;6;915.60
--;8:32:3;902.02;36.74;90948.19;59;89;38.387726;33.741692;6;915.50
--;8:32:3;902.02;36.91;90948.22;85;108;38.387726;33.741692;6;915.50
--;8:32:3;902.02;37.30;90948.30;57;125;38.387726;33.741692;6;915.50
--;8:32:8;902.02;37.51;90948.39;91;106;38.387680;33.741764;6;915.10
--;8:32:8;902.02;37.77;90948.49;65;105;38.387680;33.741764;6;915.10
--;8:32:11;902.01;38.02;90948.59;83;115;38.387676;33.741825;6;915.10
--;8:32:13;902.01;38.27;90948.69;70;145;38.387676;33.741856;6;916.50
--;8:32:13;902.01;38.46;90948.81;62;111;38.387676;33.741856;6;916.50
--;8:32:16;902.01;38.66;90948.95;54;115;38.387680;33.741905;6;916.50
--;8:32:18;902.00;38.81;90949.14;67;123;38.387680;33.741936;5;918.30
--;8:32:18;902.00;38.90;90949.28;95;20;38.387680;33.741936;5;918.30
--;8:32:21;902.00;38.86;90949.27;110;158;38.387672;33.741970;5;918.30
--;8:32:23;902.00;38.76;90949.30;55;88;38.387676;33.741974;6;918.20
--;8:32:23;902.00;38.56;90949.34;129;23;38.387676;33.741974;6;918.20
--;8:32:26;902.00;38.54;90949.34;80;55;38.387676;33.741985;6;918.20
--;8:32:28;902.00;38.56;90949.27;189;114;38.387676;33.741997;6;918.10
--;8:32:28;902.00;38.66;90949.40;109;133;38.387676;33.741997;6;918.10
--;8:32:31;902.00;38.70;90949.35;161;48;38.387669;33.742035;6;918.10
--;8:32:33;902.00;38.63;90949.36;162;136;38.387657;33.742058;6;918.60
--;8:32:33;902.00;38.42;90949.35;103;20;38.387657;33.742058;6;918.60
--;8:32:36;902.00;38.66;90949.36;144;133;38.387630;33.742088;6;918.60
--;8:32:38;901.99;38.52;90949.51;76;56;38.387623;33.742134;6;917.80
--;8:32:38;901.99;38.68;90949.55;179;54;38.387623;33.742134;6;917.80
--;8:32:41;901.99;38.56;90949.64;107;129;38.387619;33.742168;6;917.80
--;8:32:43;901.99;38.57;90949.63;123;34;38.387611;33.742199;6;917.60
--;8:32:43;901.99;38.79;90949.63;167;135;38.387611;33.742199;6;917.60
--;8:32:46;901.99;38.72;90949.67;77;38;38.387600;33.742245;6;917.60
--;8:32:48;901.98;38.98;90949.82;124;130;38.387589;33.742271;6;916.80
--;8:32:48;901.98;38.97;90949.84;86;22;38.387589;33.742271;6;916.80
--;8:32:48;901.98;39.19;90949.80;156;103;38.387589;33.742271;6;916.80
--;8:32:53;901.98;39.24;90949.81;187;51;38.387589;33.742264;7;916.60
--;8:32:53;901.98;39.28;90949.89;123;137;38.387589;33.742264;7;916.60
--;8:32:58;901.98;39.28;90950.00;78;19;38.387615;33.742191;7;916.80
--;8:32:58;901.98;39.40;90949.98;151;134;38.387615;33.742191;7;916.80
--;8:32:58;901.98;39.32;90950.00;44;32;38.387615;33.742191;7;916.80
--;8:33:3;901.98;39.44;90950.03;186;65;38.387627;33.742119;7;917.30
--;8:33:3;901.98;39.49;90950.20;85;63;38.387627;33.742119;7;917.30
--;8:33:3;901.97;39.61;90950.26;118;108;38.387627;33.742119;7;917.30
--;8:33:8;901.97;39.64;90950.40;90;61;38.387653;33.742016;7;917.00
--;8:33:8;901.97;39.67;90950.42;109;78;38.387653;33.742016;7;917.00
--;8:33:8;901.97;39.54;90950.45;108;73;38.387653;33.742016;7;917.00
--;8:33:13;901.97;39.56;90950.44;117;84;38.387707;33.741879;7;915.90
--;8:33:13;901.97;39.67;90950.48;113;112;38.387707;33.741879;7;915.90
--;8:33:13;901.97;39.64;90950.52;129;99;38.387707;33.741879;7;915.90
--;8:33:18;901.97;39.61;90950.57;124;79;38.387726;33.741783;7;913.90
--;8:33:18;901.97;39.41;90950.61;119;77;38.387726;33.741783;7;913.90
--;8:33:18;901.96;39.10;90950.68;123;87;38.387726;33.741783;7;913.90
--;8:33:23;901.96;38.95;90950.70;136;96;38.387756;33.741695;7;913.60
--;8:33:23;901.96;38.83;90950.73;113;71;38.387756;33.741695;7;913.60
--;8:33:23;901.96;38.80;90950.72;120;64;38.387756;33.741695;7;913.60
--;8:33:28;901.96;38.71;90950.68;103;101;38.387787;33.741611;7;912.50
--;8:33:28;901.96;38.64;90950.66;135;98;38.387787;33.741611;7;912.50
--;8:33:28;901.96;38.53;90950.68;111;80;38.387787;33.741611;7;912.50
--;8:33:33;901.96;38.40;90950.64;120;88;38.387817;33.741531;7;912.30
--;8:33:33;901.96;38.40;90950.68;122;102;38.387817;33.741531;7;912.30
--;8:33:35;901.96;38.39;90950.71;107;75;38.387833;33.741501;7;912.20
--;8:33:38;901.96;38.39;90950.72;104;96;38.387856;33.741459;7;912.60
--;8:33:38;901.96;38.37;90950.73;91;84;38.387856;33.741459;7;912.60
--;8:33:40;901.96;38.40;90950.73;95;83;38.387852;33.741447;7;912.90
--;8:33:43;901.96;38.40;90950.71;92;78;38.387829;33.741440;7;913.20
--;8:33:43;901.96;38.37;90950.70;91;76;38.387829;33.741440;7;913.20
--;8:33:43;901.96;38.36;90950.70;95;80;38.387829;33.741440;7;913.20
--;8:33:48;901.96;38.38;90950.71;89;77;38.387814;33.741432;7;912.60
--;8:33:48;901.96;38.36;90950.70;97;77;38.387814;33.741432;7;912.60
--;8:33:48;901.96;38.37;90950.71;100;82;38.387814;33.741432;7;912.60
--;8:33:53;901.96;38.39;90950.69;99;82;38.387829;33.741436;7;912.10
--;8:33:53;901.96;38.42;90950.68;99;84;38.387829;33.741436;7;912.10
--;8:33:53;901.96;38.44;90950.64;105;80;38.387829;33.741436;7;912.10
--;8:33:58;901.96;38.44;90950.63;104;82;38.387875;33.741428;7;911.80
--;8:33:58;901.96;38.46;90950.61;95;72;38.387875;33.741428;7;911.80
--;8:33:58;901.96;38.50;90950.58;97;84;38.387875;33.741428;7;911.80
--;8:34:3;901.96;38.50;90950.57;96;90;38.387905;33.741428;7;911.50
--;8:34:3;901.96;38.52;90950.52;98;88;38.387905;33.741428;7;911.50
--;8:34:3;901.96;38.53;90950.53;98;86;38.387905;33.741428;7;911.50
--;8:34:8;901.96;38.50;90950.50;98;86;38.387920;33.741455;7;911.60
--;8:34:8;901.96;38.44;90950.49;97;86;38.387920;33.741455;7;911.60
--;8:34:8;901.96;38.40;90950.48;98;88;38.387920;33.741455;7;911.60
--;8:34:13;901.96;38.40;90950.43;99;87;38.387920;33.741482;7;911.60
--;8:34:13;901.96;38.43;90950.45;99;87;38.387920;33.741482;7;911.60
--;8:34:13;901.96;38.43;90950.44;99;90;38.387920;33.741482;7;911.60
--;8:34:18;901.96;38.40;90950.42;97;89;38.387917;33.741508;7;911.80
--;8:34:18;901.96;38.38;90950.43;95;90;38.387917;33.741508;7;911.80
--;8:34:18;901.96;38.40;90950.42;98;90;38.387917;33.741508;7;911.80
--;8:34:23;901.96;38.41;90950.39;99;91;38.387913;33.741505;7;912.00
--;8:34:23;901.96;38.36;90950.40;100;91;38.387913;33.741505;7;912.00
--;8:34:23;901.96;38.38;90950.37;91;85;38.387913;33.741505;7;912.00
--;8:34:28;901.96;38.39;90950.34;92;96;38.387905;33.741508;7;912.40
--;8:34:28;901.96;38.37;90950.32;90;107;38.387905;33.741508;7;912.40
--;8:34:28;901.96;38.37;90950.30;92;106;38.387905;33.741508;7;912.40
--;8:34:33;901.96;38.41;90950.24;93;103;38.387890;33.741512;7;912.80
--;8:34:33;901.96;38.46;90950.21;90;108;38.387890;33.741512;7;912.80
--;8:34:33;901.96;38.43;90950.17;90;106;38.387890;33.741512;7;912.80
--;8:34:38;901.96;38.43;90950.13;71;53;38.387890;33.741516;7;913.50
--;8:34:38;901.96;38.37;90950.11;68;104;38.387890;33.741516;7;913.50
--;8:34:38;901.96;38.36;90950.12;89;88;38.387890;33.741516;7;913.50
--;20735:493:0;451.22;37.33;45472.00;119;87;8.066421;656677.380000;31;12.13
--;20735:493:0;782.10;37.57;90749.30;90;87;8.066421;656677.380000;31;12.13
--;20735:493:0;866.73;37.53;90947.13;97;89;8.066421;656677.380000;31;12.13
--;20735:493:0;885.49;37.51;90947.71;93;89;8.066421;656677.380000;31;12.13
--;20735:493:0;892.00;37.45;90946.63;87;92;8.066421;656677.380000;31;12.13
--;20735:493:0;895.03;37.46;90946.45;87;108;8.066421;656677.380000;31;12.13
--;20735:493:0;896.86;37.45;90945.22;96;103;8.066421;656677.380000;31;12.13
--;20735:493:0;898.00;37.44;90944.62;99;172;8.066421;656677.380000;31;12.13
--;20735:493:0;898.79;37.36;90944.20;89;168;8.066421;656677.380000;31;12.13
--;20735:493:0;899.34;37.37;90944.03;172;82;8.066421;656677.380000;31;12.13
--;20735:493:0;899.79;37.36;90943.54;101;5;8.066421;656677.380000;31;12.13
--;20735:493:0;900.12;37.31;90943.81;55;156;8.066421;656677.380000;31;12.13
--;20735:493:0;900.38;37.25;90943.73;10;50;8.066421;656677.380000;31;12.13
--;20735:493:0;900.57;37.23;90943.84;86;109;8.066421;656677.380000;31;12.13
--;20735:493:0;900.74;37.20;90943.86;26;147;8.066421;656677.380000;31;12.13
--;20735:493:0;900.93;37.18;90943.63;75;122;8.066421;656677.380000;31;12.13
--;20735:493:0;901.05;37.20;90943.59;78;135;8.066421;656677.380000;31;12.13
--;20735:493:0;901.18;37.11;90943.34;72;55;8.066421;656677.380000;31;12.13
--;20735:493:0;901.29;37.10;90943.12;52;153;8.066421;656677.380000;31;12.13
--;20735:493:0;901.38;37.03;90943.11;77;89;8.066421;656677.380000;31;12.13
--;20735:493:0;901.44;36.97;90943.28;76;95;8.066421;656677.380000;31;12.13
--;20735:493:0;901.50;36.93;90943.27;19;111;8.066421;656677.380000;31;12.13
--;20735:493:0;901.56;36.92;90943.25;98;133;8.066421;656677.380000;31;12.13
--;20735:493:0;901.61;36.90;90943.29;54;149;8.066421;656677.380000;31;12.13
--;20735:493:0;901.65;36.93;90943.27;109;88;8.066421;656677.380000;31;12.13
--;20735:493:0;451.28;36.66;45471.50;120;88;8.066421;656677.380000;31;12.13
--;20735:493:0;782.21;36.94;90747.30;120;87;8.066421;656677.380000;31;12.13
--;20735:493:0;451.39;35.76;45470.50;83;81;8.066421;656677.380000;31;12.13
--;20735:493:0;782.54;36.05;90743.31;81;93;8.066421;656677.380000;31;12.13
--;20735:493:0;867.19;36.09;90941.13;88;90;8.066421;656677.380000;31;12.13
--;20735:493:0;885.87;36.10;90943.70;80;82;8.066421;656677.380000;31;12.13
--;20735:493:0;892.28;36.08;90943.42;79;102;8.066421;656677.380000;31;12.13
--;20735:493:0;895.45;36.06;90941.57;99;173;8.066421;656677.380000;31;12.13
--;20735:493:0;897.18;36.05;90941.44;131;167;8.066421;656677.380000;31;12.13
--;20735:493:0;898.35;35.98;90940.61;103;168;8.066421;656677.380000;31;12.13
--;20735:493:0;899.09;35.92;90940.67;83;98;8.066421;656677.380000;31;12.13
--;20735:493:0;899.64;35.94;90940.58;120;141;8.066421;656677.380000;31;12.13
--;20735:493:0;900.07;35.94;90940.38;122;-43;8.066421;656677.380000;31;12.13
--;20735:493:0;900.39;35.90;90940.45;11;132;8.066421;656677.380000;31;12.13
--;20735:493:0;900.62;35.87;90940.70;133;127;8.066421;656677.380000;31;12.13
--;20735:493:0;900.84;35.80;90940.64;110;-12;8.066421;656677.380000;31;12.13
--;20735:493:0;901.00;35.78;90940.76;75;109;8.066421;656677.380000;31;12.13
--;20735:493:0;901.14;35.79;90940.85;65;110;8.066421;656677.380000;31;12.13
--;20735:493:0;901.27;35.84;90940.72;71;105;8.066421;656677.380000;31;12.13
--;20735:493:0;901.37;35.87;90940.88;65;108;8.066421;656677.380000;31;12.13
--;20735:493:0;901.44;35.88;90941.02;69;91;8.066421;656677.380000;31;12.13
--;20735:493:0;451.41;35.54;45470.00;77;88;8.066421;656677.380000;31;12.13
