-1.8711;38.3288;33.9995;24.5566;42.6476;0.3841
-1.9492;38.3288;33.9995;24.5615;42.7418;0.3841
-1.8711;38.3288;33.9995;24.5557;42.6947;0.3841
-1.7969;38.3288;33.9995;24.5586;42.6947;0.3841
-1.6484;38.3288;33.9995;24.5674;42.6947;0.3841
-1.6484;38.3288;33.9995;24.5674;42.6947;0.3841
-1.6484;38.3288;33.9995;24.5293;42.6947;0.3841
-1.7969;38.3288;33.9995;24.4512;42.7888;0.3841
-1.7969;38.3288;33.9995;24.4512;42.6947;0.3841
-1.7969;38.3288;33.9995;24.3896;42.7888;0.3841
-1.7969;38.3288;33.9995;24.3896;42.7418;0.3841
-1.7969;38.3288;33.9995;24.3896;42.7418;0.3841
-1.6484;38.3288;33.9995;24.3408;42.7888;0.3841
-1.6484;38.3288;33.9995;24.3408;42.6947;0.3841
-1.6484;38.3288;33.9995;24.3408;42.6947;0.3841
-1.5742;38.3288;33.9995;24.2988;42.6947;0.3841
-1.5742;38.3288;33.9995;24.2988;42.7888;0.3841
-1.6484;38.3288;33.9995;24.2500;42.7888;0.3841
-1.6484;38.3288;33.9995;24.2031;42.6476;0.3841
-1.6484;38.3288;33.9995;24.2031;42.7418;0.3841
-1.6484;38.3287;33.9995;24.1787;42.6476;0.3841
-1.6484;38.3287;33.9995;24.1787;42.7888;0.3841
-1.6484;38.3287;33.9995;24.1787;42.7888;0.3841
-1.7969;38.3287;33.9995;24.1650;42.6947;0.3841
-1.7969;38.3287;33.9995;24.1650;42.7418;0.3841
-1.7227;38.3287;33.9995;24.1563;42.6476;0.3841
-1.7227;38.3287;33.9995;24.1563;42.7888;0.3841
-1.7227;38.3287;33.9995;24.1563;42.6476;0.3841
-1.7227;38.3287;33.9995;24.0586;42.6947;0.3841
-1.7969;38.3287;33.9995;24.1563;42.6947;0.3841
-1.7227;38.3287;33.9995;24.1768;42.6947;0.3841
-1.7227;38.3287;33.9995;24.1768;42.7418;0.3841
-1.7227;38.3287;33.9995;24.1768;42.6476;0.3841
-1.6484;38.3287;33.9995;24.2119;42.6006;0.3841
-1.6484;38.3287;33.9995;24.2119;42.7418;0.3841
-1.5742;38.3287;33.9995;24.2686;42.6947;0.3841
-1.5742;38.3287;33.9995;24.2686;42.6947;0.3841
-1.6484;38.3287;33.9995;24.3350;42.7888;0.3841
-1.5742;38.3287;33.9995;24.3359;42.6006;0.3841
-1.5742;38.3287;33.9995;24.3359;42.6006;0.3841
-1.5742;38.3287;33.9995;24.3359;42.6947;0.3841
-1.7969;38.3287;33.9995;24.3340;42.6947;0.3841
-1.7969;38.3287;33.9995;24.3340;42.6947;0.3841
-1.6484;38.3287;33.9995;24.3975;42.6947;0.3841
-1.6484;38.3287;33.9995;24.3975;42.6947;0.3841
-1.7969;38.3287;33.9995;24.4248;42.6006;0.3841
-1.7969;38.3287;33.9995;24.4248;42.7888;0.3841
-1.7969;38.3287;33.9995;24.4248;42.6947;0.3841
-1.7227;38.3287;33.9995;24.3867;42.7418;0.3841
-1.7227;38.3287;33.9995;24.3867;42.6947;0.3841
-1.7227;38.3288;33.9995;24.3867;42.6947;0.3841
-1.7227;38.3288;33.9995;24.3779;42.6476;0.3841
-1.7227;38.3288;33.9995;24.3779;42.6476;0.3841
-1.6484;38.3287;33.9995;24.3779;42.6947;0.3841
-1.7969;38.3287;33.9995;24.3896;42.7888;0.3841
-1.6484;38.3287;33.9995;24.4053;42.6947;0.3841
-1.7969;38.3287;33.9995;24.4170;42.6947;0.3841
-1.7969;38.3287;33.9995;24.4170;42.6006;0.3841
-1.7227;38.3287;33.9995;24.4229;42.6476;0.3841
-1.7227;38.3287;33.9995;24.4229;42.6947;0.3841
-1.7227;38.3287;33.9995;24.4229;42.6006;0.3841
-1.6484;38.3287;33.9995;24.4297;42.7888;0.3841
-1.6484;38.3287;33.9995;24.4297;42.7418;0.3841
-1.6484;38.3287;33.9995;24.4365;42.7418;0.3841
-1.6484;38.3287;33.9995;24.4365;42.6947;0.3841
-1.7969;38.3287;33.9995;24.4443;42.7418;0.3841
-1.7969;38.3287;33.9995;24.4473;42.7888;0.3841
-1.7969;38.3286;33.9995;24.4473;42.7888;0.3841
-1.7969;38.3286;33.9995;24.4424;42.6947;0.3841
-1.7969;38.3286;33.9995;24.4424;42.6006;0.3841
-1.7969;38.3286;33.9995;24.4268;42.6006;0.3841
-1.7969;38.3286;33.9995;24.4268;42.6476;0.3841
-1.7969;38.3286;33.9995;24.4199;42.7418;0.3841
-1.7969;38.3286;33.9995;24.4199;42.7418;0.3841
-1.7227;38.3286;33.9995;24.4092;42.7418;0.3841
-1.7227;38.3286;33.9995;24.4092;42.7418;0.3841
-1.7227;38.3286;33.9995;24.4092;42.6476;0.3841
-1.6484;38.3286;33.9995;24.3926;42.6947;0.3841
-1.7227;38.3286;33.9995;24.3945;42.6947;0.3841
-1.7227;38.3286;33.9995;24.3945;42.6947;0.3841
-1.7227;38.3286;33.9995;24.3945;42.7418;0.3841
-1.7227;38.3286;33.9995;24.3906;42.6947;0.3841
-1.7227;38.3286;33.9995;24.3906;42.6476;0.3841
-1.6484;38.3286;33.9995;24.3838;42.6947;0.3841
-1.7227;38.3286;33.9995;24.3896;42.7888;0.3841
-1.7969;38.3286;33.9995;24.4082;42.6947;0.3841
-1.7969;38.3286;33.9995;24.4170;42.7888;0.3841
-1.9492;38.3286;33.9995;24.4297;42.7418;0.3841
-1.9492;38.3286;33.9995;24.4297;42.6947;0.3841
-1.9492;38.3286;33.9995;24.4297;42.6947;0.3841
-1.9492;38.3286;33.9995;24.4316;42.6947;0.3841
-1.9492;38.3286;33.9995;24.4316;42.7418;0.3841
-1.7969;38.3286;33.9995;24.4375;42.7888;0.3841
-1.7969;38.3286;33.9995;24.4375;42.7888;0.3841
-1.7969;38.3286;33.9995;24.4375;42.6947;0.3841
-1.7969;38.3286;33.9995;24.4443;42.7418;0.3841
-1.8711;38.3286;33.9995;24.4482;42.7418;0.3841
-1.7969;38.3286;33.9995;24.4590;42.7418;0.3841
-1.7969;38.3286;33.9995;24.4590;42.7418;0.3841
-1.7969;38.3286;33.9995;24.4590;42.6947;0.3841
-1.8711;38.3286;33.9995;24.4697;42.7888;0.3841
-1.8711;38.3286;33.9995;24.4697;42.7888;0.3841
-1.9492;38.3286;33.9995;24.4727;42.7418;0.3841
-1.9492;38.3286;33.9995;24.4727;42.7418;0.3841
-1.8711;38.3286;33.9995;24.4834;42.7418;0.3841
-1.8711;38.3286;33.9995;24.4834;42.7418;0.3841
-1.8711;38.3286;33.9995;24.4834;42.7418;0.3841
-1.7969;38.3286;33.9995;24.4902;42.6476;0.3841
-1.8711;38.3286;33.9995;24.4971;42.7888;0.3841
-1.8711;38.3286;33.9995;24.4971;42.7888;0.3841
-1.7969;38.3286;33.9995;24.4971;42.7888;0.3841
-1.7969;38.3286;33.9995;24.4971;42.7418;0.3841
-1.6484;38.3286;33.9995;24.5059;42.8359;0.3841
-1.7969;38.3286;33.9995;24.5166;42.6947;0.3841
-1.7227;38.3286;33.9995;24.5215;42.6947;0.3841
-1.7227;38.3286;33.9995;24.5215;42.6947;0.3841
-1.9492;38.3286;33.9995;24.5068;42.6476;0.3841
-1.9492;38.3286;33.9995;24.5068;42.6476;0.3841
-1.6484;38.3286;33.9995;24.4824;42.6947;0.3841
-1.6484;38.3286;33.9995;24.4824;42.6947;0.3841
-1.6484;38.3286;33.9995;24.4795;42.6947;0.3841
-1.6484;38.3286;33.9995;24.4795;42.6947;0.3841
-1.6484;38.3286;33.9995;24.4795;42.6947;0.3841
-1.7969;38.3286;33.9995;24.4854;42.6476;0.3841
-1.7227;38.3286;33.9995;24.3418;42.6947;0.3841
-1.6484;38.3286;33.9995;24.2510;42.6947;0.3841
-1.7227;38.3286;33.9995;24.2930;42.7418;0.3841
-1.7227;38.3286;33.9995;24.2930;42.7418;0.3841
-1.8711;38.3286;33.9995;24.3320;42.6006;0.3841
-1.8711;38.3286;33.9995;24.3320;42.6006;0.3841
-1.8711;38.3286;33.9995;24.3320;42.5535;0.3841
-1.7969;38.3286;33.9995;24.3652;42.6476;0.3841
-1.7227;38.3286;33.9995;24.4082;42.6006;0.3841
-1.7227;38.3286;33.9995;24.4082;42.6476;0.3841
0.0000;0.0000;0.0000;24.0654;42.5535;0.3841
-0.1484;0.0000;0.0000;24.0771;42.4124;0.3841
-0.1484;0.0000;0.0000;24.0771;42.5065;0.3841
-0.1484;0.0000;0.0000;24.0771;42.4594;0.3841
-0.1484;0.0000;0.0000;24.0771;42.5535;0.3841
-0.1484;0.0000;0.0000;24.1182;42.6006;0.3841
-0.1484;0.0000;0.0000;24.1182;42.5065;0.3841
-0.1484;0.0000;0.0000;24.1182;42.5065;0.3841
-0.1484;0.0000;0.0000;24.1182;42.5535;0.3841
0.1484;0.0000;0.0000;24.1992;42.4594;0.3841
0.1484;0.0000;0.0000;24.1992;42.5065;0.3841
0.1484;0.0000;0.0000;24.1992;42.5065;0.3841
0.1484;0.0000;0.0000;24.1992;42.5065;0.3841
0.1484;0.0000;0.0000;24.1992;42.5535;0.3841
0.0742;0.0000;0.0000;24.2588;42.5535;0.3841
0.0742;0.0000;0.0000;24.2588;42.5065;0.3841
0.0742;0.0000;0.0000;24.2588;42.5065;0.3841
0.0742;0.0000;0.0000;24.2588;42.5065;0.3841
-0.0742;0.0000;0.0000;24.2588;42.4594;0.3841
-0.0742;0.0000;0.0000;24.2588;42.5535;0.3841
-0.0742;0.0000;0.0000;24.2588;42.5065;0.3841
-0.0742;0.0000;0.0000;24.2588;42.5065;0.3841
0.0742;0.0000;0.0000;24.2109;42.5065;0.3841
0.0742;0.0000;0.0000;24.2109;42.5535;0.3841
0.0742;0.0000;0.0000;24.2109;42.5535;0.3841
0.0742;0.0000;0.0000;24.2109;42.5065;0.3841
0.2227;0.0000;0.0000;24.1816;42.5535;0.3840
0.2227;0.0000;0.0000;24.1816;42.6476;0.3840
0.2227;0.0000;0.0000;24.1816;42.5065;0.3840
0.2227;0.0000;0.0000;24.1816;42.6006;0.3840
0.2227;0.0000;0.0000;24.1816;42.5535;0.3840
0.2227;0.0000;0.0000;24.1426;42.5065;0.3840
0.2227;0.0000;0.0000;24.1426;42.5065;0.3840
0.2227;0.0000;0.0000;24.1426;42.4594;0.3840
0.2227;0.0000;0.0000;24.1426;42.5535;0.3840
0.0742;0.0000;0.0000;24.1396;42.5535;0.3841
0.0742;0.0000;0.0000;24.1396;42.6006;0.3841
0.0742;0.0000;0.0000;24.1396;42.5065;0.3841
0.0742;0.0000;0.0000;24.1396;42.6006;0.3841
0.2227;0.0000;0.0000;24.1494;42.6476;0.3840
0.2227;0.0000;0.0000;24.1494;42.6476;0.3840
0.2227;0.0000;0.0000;24.1494;42.6006;0.3840
0.2227;0.0000;0.0000;24.1494;42.5535;0.3840
0.0742;0.0000;0.0000;24.1533;42.5065;0.3841
0.0742;0.0000;0.0000;24.1533;42.5535;0.3841
0.0742;0.0000;0.0000;24.1533;42.6476;0.3841
0.0742;0.0000;0.0000;24.1533;42.5065;0.3841
0.0742;0.0000;0.0000;24.1533;42.6006;0.3841
0.3750;0.0000;0.0000;24.1602;42.5065;0.3840
0.3750;0.0000;0.0000;24.1602;42.5535;0.3840
0.3750;0.0000;0.0000;24.1602;42.5535;0.3840
0.3750;0.0000;0.0000;24.1602;42.5065;0.3840
0.1484;0.0000;0.0000;24.1611;42.5065;0.3841
0.1484;0.0000;0.0000;24.1611;42.5535;0.3841
0.1484;0.0000;0.0000;24.1611;42.4594;0.3841
0.1484;0.0000;0.0000;24.1611;42.5065;0.3841
0.3750;0.0000;0.0000;24.1523;42.5065;0.3840
0.3750;0.0000;0.0000;24.1523;42.6006;0.3840
0.3750;0.0000;0.0000;24.1523;42.6006;0.3840
0.3750;0.0000;0.0000;24.1523;42.6006;0.3840
0.0742;0.0000;0.0000;24.1533;42.5535;0.3841
0.0742;0.0000;0.0000;24.1533;42.5065;0.3841
0.0742;0.0000;0.0000;24.1533;42.5065;0.3841
0.0742;0.0000;0.0000;24.1533;42.6006;0.3841
0.2227;0.0000;0.0000;24.1582;42.5535;0.3840
0.2227;0.0000;0.0000;24.1582;42.5065;0.3840
0.2227;0.0000;0.0000;24.1582;42.5065;0.3840
0.2227;0.0000;0.0000;24.1582;42.6006;0.3840
0.2227;0.0000;0.0000;24.1582;42.6006;0.3840
0.2227;0.0000;0.0000;24.1709;42.5065;0.3840
0.2227;0.0000;0.0000;24.1709;42.6006;0.3840
0.2227;0.0000;0.0000;24.1709;42.5065;0.3840
0.2227;0.0000;0.0000;24.1709;42.6006;0.3840
0.1484;0.0000;0.0000;24.1992;42.5535;0.3841
0.1484;0.0000;0.0000;24.1992;42.4594;0.3841
0.1484;0.0000;0.0000;24.1992;42.5065;0.3841
0.1484;0.0000;0.0000;24.1992;42.6006;0.3841
0.1484;0.0000;0.0000;24.2275;42.5535;0.3841
0.1484;0.0000;0.0000;24.2275;42.6006;0.3841
0.1484;0.0000;0.0000;24.2275;42.5065;0.3841
0.1484;0.0000;0.0000;24.2275;42.5065;0.3841
0.2227;0.0000;0.0000;24.2402;42.6006;0.3840
0.2227;0.0000;0.0000;24.2402;42.5065;0.3840
0.2227;0.0000;0.0000;24.2402;42.5535;0.3840
0.2227;0.0000;0.0000;24.2402;42.5535;0.3840
0.2227;0.0000;0.0000;24.2646;42.5065;0.3840
0.2227;0.0000;0.0000;24.2646;42.5535;0.3840
0.2227;0.0000;0.0000;24.2646;42.6006;0.3840
0.2227;0.0000;0.0000;24.2646;42.6006;0.3840
0.2227;0.0000;0.0000;24.2646;42.6476;0.3840
0.2227;0.0000;0.0000;24.2832;42.5535;0.3840
0.2227;0.0000;0.0000;24.2832;42.5535;0.3840
0.2227;0.0000;0.0000;24.2832;42.5065;0.3840
0.2227;0.0000;0.0000;24.2832;42.5065;0.3840
0.1484;0.0000;0.0000;24.3037;42.6006;0.3841
0.4492;0.0000;0.0000;24.1807;42.4594;0.3840
0.5234;0.0000;0.0000;24.2236;42.5535;0.3840
0.5234;0.0000;0.0000;24.2236;42.6006;0.3840
0.4492;0.0000;0.0000;24.2412;42.5065;0.3840
0.7500;0.0000;0.0000;24.2529;42.5065;0.3839
0.7500;0.0000;0.0000;24.2529;42.5065;0.3839
0.6719;0.0000;0.0000;24.2471;42.4594;0.3840
0.6719;0.0000;0.0000;24.2471;42.5535;0.3840
0.6719;0.0000;0.0000;24.2471;42.5065;0.3840
0.5234;0.0000;0.0000;24.2041;42.6006;0.3840
0.5234;0.0000;0.0000;24.2041;42.6006;0.3840
0.5234;0.0000;0.0000;24.2041;42.5065;0.3840
0.6719;0.0000;0.0000;24.1279;42.4124;0.3840
0.5234;0.0000;0.0000;24.0850;42.5535;0.3840
0.5234;0.0000;0.0000;24.0850;42.4594;0.3840
0.5977;0.0000;0.0000;24.0781;42.4124;0.3840
0.5977;0.0000;0.0000;24.0781;42.4594;0.3840
0.5234;0.0000;0.0000;24.1084;42.4594;0.3840
0.5234;0.0000;0.0000;24.1084;42.4594;0.3840
0.5977;0.0000;0.0000;24.1729;42.5065;0.3840
0.5977;0.0000;0.0000;24.1729;42.5065;0.3840
0.5977;0.0000;0.0000;24.2275;42.5065;0.3840
0.5977;0.0000;0.0000;24.2275;42.4124;0.3840
0.6719;0.0000;0.0000;24.2568;42.5065;0.3840
0.6719;0.0000;0.0000;24.2568;42.5065;0.3840
0.6719;0.0000;0.0000;24.2822;42.5065;0.3840
0.5234;0.0000;0.0000;24.3174;42.5535;0.3840
0.7500;0.0000;0.0000;24.3350;42.4594;0.3839
0.7500;0.0000;0.0000;24.3350;42.5065;0.3839
0.8242;0.0000;0.0000;24.3438;42.5065;0.3839
0.8242;0.0000;0.0000;24.3438;42.5065;0.3839
0.8242;0.0000;0.0000;24.3438;42.5535;0.3839
0.6719;0.0000;0.0000;24.3555;42.5065;0.3840
0.6719;0.0000;0.0000;24.3555;42.5535;0.3840
0.6719;0.0000;0.0000;24.3564;42.5065;0.3840
0.8242;0.0000;0.0000;24.3623;42.5065;0.3839
0.8242;0.0000;0.0000;24.3623;42.5535;0.3839
0.6719;0.0000;0.0000;24.3779;42.5065;0.3840
0.6719;0.0000;0.0000;24.3779;42.5065;0.3840
0.6719;0.0000;0.0000;24.3779;42.5065;0.3840
0.6719;0.0000;0.0000;24.3828;42.5535;0.3840
0.6719;0.0000;0.0000;24.3828;42.4594;0.3840
0.6719;0.0000;0.0000;24.3828;42.4124;0.3840
0.5234;0.0000;0.0000;24.3877;42.5535;0.3840
0.5977;0.0000;0.0000;24.4424;42.5065;0.3840
0.5977;0.0000;0.0000;24.4424;42.4124;0.3840
0.5977;0.0000;0.0000;24.4424;42.4594;0.3840
0.5977;0.0000;0.0000;24.3887;42.5065;0.3840
0.5977;0.0000;0.0000;24.3887;42.4594;0.3840
0.5234;0.0000;0.0000;24.2666;42.6006;0.3840
0.5977;0.0000;0.0000;24.1123;42.4594;0.3840
0.5977;0.0000;0.0000;23.9844;42.6006;0.3840
0.5977;0.0000;0.0000;23.9844;42.5535;0.3840
0.5977;0.0000;0.0000;23.8936;42.5065;0.3840
0.5977;0.0000;0.0000;23.8936;42.4594;0.3840
0.5977;0.0000;0.0000;23.8936;42.5065;0.3840
0.6719;0.0000;0.0000;23.8418;42.4594;0.3840
0.5977;0.0000;0.0000;23.8486;42.5065;0.3840
0.5977;0.0000;0.0000;23.8486;42.5065;0.3840
0.8242;0.0000;0.0000;23.9004;42.4594;0.3839
0.8242;0.0000;0.0000;23.9004;42.4124;0.3839
0.7500;0.0000;0.0000;23.9951;42.5535;0.3839
0.7500;0.0000;0.0000;23.9951;42.4124;0.3839
0.6719;0.0000;0.0000;24.0400;42.5065;0.3840
0.6719;0.0000;0.0000;24.0400;42.5065;0.3840
0.6719;0.0000;0.0000;24.0439;42.3653;0.3840
0.7500;0.0000;0.0000;24.0674;42.4124;0.3839
0.4492;0.0000;0.0000;24.0625;42.4124;0.3840
0.4492;0.0000;0.0000;24.0625;42.4124;0.3840
0.8242;0.0000;0.0000;24.0684;42.5065;0.3839
0.8242;0.0000;0.0000;24.0684;42.4594;0.3839
0.8242;0.0000;0.0000;24.0684;42.5065;0.3839
0.8242;0.0000;0.0000;24.1123;42.5065;0.3839
0.8242;0.0000;0.0000;24.1123;42.5065;0.3839
0.6719;0.0000;0.0000;24.1904;42.5065;0.3840
0.7500;0.0000;0.0000;24.2178;42.5535;0.3839
0.6719;0.0000;0.0000;24.2432;42.5065;0.3840
0.6719;0.0000;0.0000;24.2432;42.5535;0.3840
0.6719;0.0000;0.0000;24.2432;42.4594;0.3840
0.8242;0.0000;0.0000;24.2578;42.4594;0.3839
0.8242;0.0000;0.0000;24.2695;42.5065;0.3839
0.8242;0.0000;0.0000;24.2695;42.5065;0.3839
0.8242;0.0000;0.0000;24.2695;42.4124;0.3839
0.5977;0.0000;0.0000;24.2852;42.4124;0.3840
0.5977;0.0000;0.0000;24.2852;42.4124;0.3840
0.8242;0.0000;0.0000;24.3213;42.5065;0.3839
0.8242;0.0000;0.0000;24.3213;42.3653;0.3839
0.8984;0.0000;0.0000;24.3564;42.5065;0.3839
0.8984;0.0000;0.0000;24.4033;42.5065;0.3839
0.8984;0.0000;0.0000;24.4033;42.4124;0.3839
0.8984;0.0000;0.0000;24.4033;42.5065;0.3839
0.8242;0.0000;0.0000;24.4336;42.4124;0.3839
0.8242;0.0000;0.0000;24.4336;42.4124;0.3839
0.6719;0.0000;0.0000;24.4570;42.5065;0.3840
0.6719;0.0000;0.0000;24.4648;42.5535;0.3840
0.8242;0.0000;0.0000;24.4795;42.4124;0.3839
0.8242;0.0000;0.0000;24.4795;42.4594;0.3839
0.7500;0.0000;0.0000;24.5078;42.4124;0.3839
0.8242;0.0000;0.0000;24.5400;42.4594;0.3839
0.8242;0.0000;0.0000;24.5400;42.4124;0.3839
0.8984;0.0000;0.0000;24.5391;42.5535;0.3839
0.8984;0.0000;0.0000;24.5391;42.4124;0.3839
0.8984;0.0000;0.0000;24.5391;42.4594;0.3839
0.8242;0.0000;0.0000;24.5127;42.5065;0.3839
0.8242;0.0000;0.0000;24.5127;42.4124;0.3839
0.8242;0.0000;0.0000;24.5127;42.5065;0.3839
0.8242;0.0000;0.0000;24.4697;42.4124;0.3839
0.8242;0.0000;0.0000;24.4248;42.4594;0.3839
0.8242;0.0000;0.0000;24.4248;42.4124;0.3839
0.6719;0.0000;0.0000;24.3818;42.4594;0.3840
0.6719;0.0000;0.0000;24.3818;42.4124;0.3840
0.8242;0.0000;0.0000;24.3408;42.4594;0.3839
0.8242;0.0000;0.0000;24.3408;42.4124;0.3839
0.7500;0.0000;0.0000;24.3213;42.4594;0.3839
0.7500;0.0000;0.0000;24.3213;42.5535;0.3839
0.8242;0.0000;0.0000;24.3242;42.4594;0.3839
0.8242;0.0000;0.0000;24.3242;42.4594;0.3839
0.8984;0.0000;0.0000;24.3486;42.4594;0.3839
0.8984;0.0000;0.0000;24.3486;42.4594;0.3839
0.5234;0.0000;0.0000;24.3721;42.2712;0.3840
0.8984;0.0000;0.0000;24.3984;42.4124;0.3839
0.8984;0.0000;0.0000;24.3984;42.4594;0.3839
0.8984;0.0000;0.0000;24.3984;42.3653;0.3839
0.9727;0.0000;0.0000;24.4502;42.4124;0.3839
0.9727;0.0000;0.0000;24.4502;42.4594;0.3839
0.7500;0.0000;0.0000;24.4971;42.4124;0.3839
0.9727;0.0000;0.0000;24.5244;42.4594;0.3839
0.9727;0.0000;0.0000;24.5244;42.4124;0.3839
0.8242;0.0000;0.0000;24.5117;42.4594;0.3839
0.7500;0.0000;0.0000;24.5020;42.4594;0.3839
0.7500;0.0000;0.0000;24.5020;42.3653;0.3839
0.7500;0.0000;0.0000;24.5020;42.3653;0.3839
0.8242;0.0000;0.0000;24.5127;42.3653;0.3839
0.8242;0.0000;0.0000;24.5127;42.4594;0.3839
0.6719;0.0000;0.0000;24.5371;42.5065;0.3840
0.6719;0.0000;0.0000;24.5371;42.4594;0.3840
0.6719;0.0000;0.0000;24.5371;42.4124;0.3840
0.7500;0.0000;0.0000;24.5537;42.3653;0.3839
0.8242;0.0000;0.0000;24.5596;42.4594;0.3839
0.8242;0.0000;0.0000;24.5781;42.5065;0.3839
0.8242;0.0000;0.0000;24.5781;42.3653;0.3839
0.9727;0.0000;0.0000;24.6016;42.5065;0.3839
0.9727;0.0000;0.0000;24.6016;42.4124;0.3839
0.8242;0.0000;0.0000;24.6211;42.4594;0.3839
0.8242;0.0000;0.0000;24.6211;42.4124;0.3839
0.8242;0.0000;0.0000;24.6211;42.5065;0.3839
0.6719;0.0000;0.0000;24.6221;42.4594;0.3840
0.9727;0.0000;0.0000;24.6230;42.4124;0.3839
0.9727;0.0000;0.0000;24.6230;42.4124;0.3839
0.9727;0.0000;0.0000;24.6299;42.5065;0.3839
0.9727;0.0000;0.0000;24.6299;42.3653;0.3839
0.9727;0.0000;0.0000;24.6299;42.3653;0.3839
0.8242;0.0000;0.0000;24.6318;42.3653;0.3839
0.8242;0.0000;0.0000;24.6318;42.4124;0.3839
0.8984;0.0000;0.0000;24.6338;42.5065;0.3839
0.8984;0.0000;0.0000;24.6338;42.5065;0.3839
0.8242;0.0000;0.0000;24.6396;42.4594;0.3839
0.8242;0.0000;0.0000;24.6396;42.3653;0.3839
0.8242;0.0000;0.0000;24.6836;42.4124;0.3839
0.8242;0.0000;0.0000;24.6836;42.5065;0.3839
0.9727;0.0000;0.0000;24.7021;42.3182;0.3839
0.9727;0.0000;0.0000;24.7021;42.4124;0.3839
0.8242;0.0000;0.0000;24.6924;42.4124;0.3839
0.8242;0.0000;0.0000;24.6924;42.2712;0.3839
0.8242;0.0000;0.0000;24.6924;42.4594;0.3839
0.9727;0.0000;0.0000;24.6797;42.3653;0.3839
0.9727;0.0000;0.0000;24.6797;42.4124;0.3839
0.9727;0.0000;0.0000;24.6797;42.4124;0.3839
0.7500;0.0000;0.0000;24.6768;42.5065;0.3839
0.7500;0.0000;0.0000;24.6768;42.4594;0.3839
0.8242;0.0000;0.0000;24.6758;42.5065;0.3839
0.8242;0.0000;0.0000;24.6758;42.4594;0.3839
0.8242;0.0000;0.0000;24.6816;42.3653;0.3839
0.9727;0.0000;0.0000;24.7510;42.2241;0.3839
0.9727;0.0000;0.0000;24.7510;42.4594;0.3839
0.9727;0.0000;0.0000;25.2842;42.3653;0.3839
1.1211;0.0000;0.0000;25.3467;42.3182;0.3839
0.9727;0.0000;0.0000;25.2334;42.4594;0.3839
0.9727;0.0000;0.0000;25.2334;42.2712;0.3839
0.9727;0.0000;0.0000;25.2334;42.3653;0.3839
1.1992;0.0000;0.0000;25.1602;42.4124;0.3839
1.1992;0.0000;0.0000;25.1602;42.3653;0.3839
1.1992;0.0000;0.0000;25.1602;42.3653;0.3839
0.8984;0.0000;0.0000;25.1143;42.4124;0.3839
0.9727;0.0000;0.0000;25.0576;42.4594;0.3839
0.9727;0.0000;0.0000;25.0576;42.4124;0.3839
0.9727;0.0000;0.0000;24.9893;42.3182;0.3839
0.9727;0.0000;0.0000;24.9893;42.4124;0.3839
0.9727;0.0000;0.0000;24.9473;42.4594;0.3839
0.9727;0.0000;0.0000;24.9180;42.3182;0.3839
0.9727;0.0000;0.0000;24.9180;42.3653;0.3839
0.9727;0.0000;0.0000;24.9180;42.3182;0.3839
1.1992;0.0000;0.0000;24.8955;42.4124;0.3839
1.1992;0.0000;0.0000;24.8955;42.4594;0.3839
1.1992;0.0000;0.0000;24.8955;42.3182;0.3839
0.9727;0.0000;0.0000;24.8730;42.4124;0.3839
0.9727;0.0000;0.0000;24.8730;42.3653;0.3839
1.1211;0.0000;0.0000;24.8438;42.4124;0.3839
1.1211;0.0000;0.0000;24.8438;42.3182;0.3839
1.1211;0.0000;0.0000;24.8438;42.4594;0.3839
0.9727;0.0000;0.0000;24.8242;42.3182;0.3839
1.1211;0.0000;0.0000;24.7979;42.4124;0.3839
0.9727;0.0000;0.0000;24.7734;42.5065;0.3839
0.9727;0.0000;0.0000;24.7734;42.4594;0.3839
0.8242;0.0000;0.0000;24.7607;42.4124;0.3839
0.8242;0.0000;0.0000;24.7607;42.4124;0.3839
0.9727;0.0000;0.0000;24.7529;42.3653;0.3839
1.1211;0.0000;0.0000;24.7480;42.4124;0.3839
1.1211;0.0000;0.0000;24.7480;42.3182;0.3839
0.8984;0.0000;0.0000;24.7471;42.5065;0.3839
0.8984;0.0000;0.0000;24.7471;42.3182;0.3839
0.9727;0.0000;0.0000;24.7422;42.4594;0.3839
0.9727;0.0000;0.0000;24.7422;42.4594;0.3839
1.1992;0.0000;0.0000;24.7383;42.3653;0.3839
1.1992;0.0000;0.0000;24.7383;42.4124;0.3839
0.9727;0.0000;0.0000;24.7295;42.4124;0.3839
0.9727;0.0000;0.0000;24.7295;42.4124;0.3839
1.1992;0.0000;0.0000;24.7158;42.3653;0.3839
1.1992;0.0000;0.0000;24.7158;42.3653;0.3839
1.1992;0.0000;0.0000;24.6836;42.3653;0.3839
1.3477;0.0000;0.0000;24.6357;42.3182;0.3838
1.3477;0.0000;0.0000;24.6357;42.4124;0.3838
1.1992;0.0000;0.0000;24.5840;42.3182;0.3839
1.1211;0.0000;0.0000;24.5371;42.2712;0.3839
1.0469;0.0000;0.0000;24.4961;42.4124;0.3839
1.0469;0.0000;0.0000;24.4961;42.3182;0.3839
1.2734;0.0000;0.0000;24.4326;42.3182;0.3838
1.2734;0.0000;0.0000;24.4326;42.2712;0.3838
1.2734;0.0000;0.0000;24.4326;42.3182;0.3838
1.0469;0.0000;0.0000;24.4727;42.2241;0.3839
1.1992;0.0000;0.0000;24.3779;42.4124;0.3839
1.1992;0.0000;0.0000;24.3779;42.3182;0.3839
1.1992;0.0000;0.0000;24.3779;42.3653;0.3839
1.1211;0.0000;0.0000;24.3838;42.3653;0.3839
1.1211;0.0000;0.0000;24.3838;42.3182;0.3839
1.0469;0.0000;0.0000;24.3916;42.3182;0.3839
1.0469;0.0000;0.0000;24.3916;42.1771;0.3839
1.0469;0.0000;0.0000;24.3916;42.3653;0.3839
1.2734;0.0000;0.0000;24.3799;42.4124;0.3838
1.2734;0.0000;0.0000;24.3799;42.2712;0.3838
1.2734;0.0000;0.0000;24.3799;42.2712;0.3838
0.8984;0.0000;0.0000;24.3613;42.3182;0.3839
0.8984;0.0000;0.0000;24.3613;42.2712;0.3839
0.9727;0.0000;0.0000;24.3379;42.2712;0.3839
1.1992;0.0000;0.0000;24.3115;42.4124;0.3839
1.1992;0.0000;0.0000;24.3115;42.2712;0.3839
1.1992;0.0000;0.0000;24.3115;42.2712;0.3839
1.2734;0.0000;0.0000;24.2920;42.2712;0.3838
1.2734;0.0000;0.0000;24.2920;42.3182;0.3838
1.2734;0.0000;0.0000;24.2920;42.3653;0.3838
1.2734;0.0000;0.0000;24.3193;42.2712;0.3838
1.2734;0.0000;0.0000;24.3770;42.3182;0.3838
1.2734;0.0000;0.0000;24.3770;42.4124;0.3838
1.2734;0.0000;0.0000;24.3770;42.3653;0.3838
1.1211;0.0000;0.0000;24.3955;42.3653;0.3839
1.2734;0.0000;0.0000;24.4229;42.2712;0.3838
1.2734;0.0000;0.0000;24.4229;42.3653;0.3838
1.2734;0.0000;0.0000;24.5420;42.3653;0.3838
1.2734;0.0000;0.0000;24.5420;42.3182;0.3838
1.2734;0.0000;0.0000;24.5420;42.2712;0.3838
1.0469;0.0000;0.0000;24.5742;42.2712;0.3839
1.0469;0.0000;0.0000;24.5742;42.3653;0.3839
1.1211;0.0000;0.0000;24.5713;42.3653;0.3839
1.1211;0.0000;0.0000;24.5713;42.4124;0.3839
1.3477;0.0000;0.0000;24.5586;42.3182;0.3838
1.3477;0.0000;0.0000;24.5586;42.3182;0.3838
1.1992;0.0000;0.0000;24.5811;42.3182;0.3839
1.1992;0.0000;0.0000;24.5811;42.3653;0.3839
1.1211;0.0000;0.0000;24.6064;42.3182;0.3839
1.1211;0.0000;0.0000;24.6064;42.2712;0.3839
1.0469;0.0000;0.0000;24.6172;42.3653;0.3839
1.0469;0.0000;0.0000;24.6172;42.3182;0.3839
1.1211;0.0000;0.0000;24.5352;42.3182;0.3839
1.1211;0.0000;0.0000;24.5352;42.3182;0.3839
1.1992;0.0000;0.0000;24.5518;42.3182;0.3839
1.1992;0.0000;0.0000;24.5518;42.3653;0.3839
1.1992;0.0000;0.0000;24.5752;42.3653;0.3839
1.0469;0.0000;0.0000;24.5791;42.2712;0.3839
1.0469;0.0000;0.0000;24.5791;42.3182;0.3839
1.0469;0.0000;0.0000;24.5791;42.3182;0.3839
1.3477;0.0000;0.0000;24.5723;42.3653;0.3838
1.3477;0.0000;0.0000;24.5723;42.3182;0.3838
1.3477;0.0000;0.0000;24.5723;42.3653;0.3838
1.1992;0.0000;0.0000;24.5039;42.3182;0.3839
1.1992;0.0000;0.0000;24.5039;42.3653;0.3839
1.1992;0.0000;0.0000;24.5039;42.2712;0.3839
1.2734;0.0000;0.0000;24.4688;42.3182;0.3838
1.4219;0.0000;0.0000;24.3936;42.2712;0.3838
1.4219;0.0000;0.0000;24.3936;42.3653;0.3838
1.4219;0.0000;0.0000;24.3936;42.2712;0.3838
1.5703;0.0000;0.0000;24.3467;42.3182;0.3838
1.5703;0.0000;0.0000;24.3467;42.2712;0.3838
1.2734;0.0000;0.0000;24.3291;42.3653;0.3838
1.5703;0.0000;0.0000;24.3096;42.3182;0.3838
1.5703;0.0000;0.0000;24.3096;42.2712;0.3838
1.3477;0.0000;0.0000;24.3301;42.3653;0.3838
1.3477;0.0000;0.0000;24.3301;42.3653;0.3838
1.2734;0.0000;0.0000;24.3857;42.2712;0.3838
1.2734;0.0000;0.0000;24.4404;42.3182;0.3838
1.1992;0.0000;0.0000;24.4814;42.3182;0.3839
1.1992;0.0000;0.0000;24.4814;42.3182;0.3839
1.1992;0.0000;0.0000;24.4912;42.3653;0.3839
1.1992;0.0000;0.0000;24.4912;42.2712;0.3839
1.1992;0.0000;0.0000;24.4912;42.4124;0.3839
1.3477;0.0000;0.0000;24.4873;42.3182;0.3838
1.2734;0.0000;0.0000;24.4961;42.3182;0.3838
1.2734;0.0000;0.0000;24.4961;42.2712;0.3838
1.1992;0.0000;0.0000;24.5078;42.2712;0.3839
1.1992;0.0000;0.0000;24.5078;42.3182;0.3839
1.1992;0.0000;0.0000;24.5078;42.3182;0.3839
1.3477;0.0000;0.0000;24.5225;42.2712;0.3838
1.3477;0.0000;0.0000;24.5293;42.3653;0.3838
1.3477;0.0000;0.0000;24.5293;42.4124;0.3838
1.1992;0.0000;0.0000;24.5322;42.3182;0.3839
1.2734;0.0000;0.0000;24.5488;42.3182;0.3838
1.2734;0.0000;0.0000;24.5967;42.3182;0.3838
1.2734;0.0000;0.0000;24.5967;42.2712;0.3838
1.2734;0.0000;0.0000;24.5967;42.2712;0.3838
1.3477;0.0000;0.0000;24.6357;42.3653;0.3838
1.3477;0.0000;0.0000;24.6357;42.2712;0.3838
1.1211;0.0000;0.0000;24.6631;42.2241;0.3839
1.1211;0.0000;0.0000;24.6631;42.3182;0.3839
1.3477;0.0000;0.0000;24.6484;42.4124;0.3838
1.4219;0.0000;0.0000;24.5361;42.3653;0.3838
1.1211;0.0000;0.0000;24.3662;42.3653;0.3839
1.1211;0.0000;0.0000;24.3662;42.2712;0.3839
1.1211;0.0000;0.0000;24.2080;42.3653;0.3839
1.1211;0.0000;0.0000;24.2080;42.3182;0.3839
1.1211;0.0000;0.0000;24.2080;42.3182;0.3839
1.2734;0.0000;0.0000;24.0557;42.3182;0.3838
1.2734;0.0000;0.0000;24.0557;42.3653;0.3838
1.2734;0.0000;0.0000;24.0557;42.3182;0.3838
1.2734;0.0000;0.0000;24.0254;42.3653;0.3838
1.2734;0.0000;0.0000;24.0254;42.1771;0.3838
1.2734;0.0000;0.0000;24.0254;42.2712;0.3838
1.3477;0.0000;0.0000;23.9873;42.3182;0.3838
1.3477;0.0000;0.0000;23.9873;42.2712;0.3838
1.3477;0.0000;0.0000;23.9873;42.2712;0.3838
1.3477;0.0000;0.0000;23.9814;42.1771;0.3838
1.3477;0.0000;0.0000;23.9814;42.3182;0.3838
1.3477;0.0000;0.0000;23.9814;42.3182;0.3838
1.2734;0.0000;0.0000;24.0146;42.2712;0.3838
1.4219;0.0000;0.0000;24.0332;42.2241;0.3838
1.4219;0.0000;0.0000;24.0332;42.3182;0.3838
1.3477;0.0000;0.0000;24.0459;42.2241;0.3838
1.2734;0.0000;0.0000;24.0713;42.2712;0.3838
1.2734;0.0000;0.0000;24.0713;42.3182;0.3838
1.2734;0.0000;0.0000;24.0713;42.2712;0.3838
1.3477;0.0000;0.0000;24.1162;42.1771;0.3838
1.3477;0.0000;0.0000;24.1768;42.2241;0.3838
1.3477;0.0000;0.0000;24.1768;42.2241;0.3838
1.3477;0.0000;0.0000;24.1768;42.1771;0.3838
1.5703;0.0000;0.0000;24.2393;42.2241;0.3838
1.6484;0.0000;0.0000;24.2783;42.2241;0.3838
1.6484;0.0000;0.0000;24.2783;42.1771;0.3838
1.6484;0.0000;0.0000;24.2783;42.2712;0.3838
1.4219;0.0000;0.0000;24.2822;42.2241;0.3838
1.4219;0.0000;0.0000;24.2822;42.1771;0.3838
1.4219;0.0000;0.0000;24.2822;42.0829;0.3838
1.6484;0.0000;0.0000;24.3096;42.2241;0.3838
1.6484;0.0000;0.0000;24.3096;42.1300;0.3838
1.6484;0.0000;0.0000;24.3096;42.1771;0.3838
1.6484;0.0000;0.0000;24.3291;42.1771;0.3838
1.6484;0.0000;0.0000;24.3291;42.2241;0.3838
1.6484;0.0000;0.0000;24.3291;42.2241;0.3838
1.5703;0.0000;0.0000;24.3789;42.1771;0.3838
1.5703;0.0000;0.0000;24.3789;42.1300;0.3838
1.5703;0.0000;0.0000;24.3789;42.1300;0.3838
1.6484;0.0000;0.0000;24.3467;42.0829;0.3838
1.6484;0.0000;0.0000;24.3467;42.1300;0.3838
1.6484;0.0000;0.0000;24.3467;42.2241;0.3838
1.5703;0.0000;0.0000;24.2295;42.1771;0.3838
1.5703;0.0000;0.0000;24.1973;42.1771;0.3838
1.5703;0.0000;0.0000;24.1973;42.2241;0.3838
1.5703;0.0000;0.0000;24.1973;42.1300;0.3838
1.5703;0.0000;0.0000;24.1807;42.1300;0.3838
1.5703;0.0000;0.0000;24.1807;42.0829;0.3838
1.5703;0.0000;0.0000;24.1816;42.1771;0.3838
1.7227;0.0000;0.0000;24.2041;42.1771;0.3837
1.7227;0.0000;0.0000;24.2041;42.1300;0.3837
1.7227;0.0000;0.0000;24.2041;42.1300;0.3837
1.5703;0.0000;0.0000;24.2666;42.0829;0.3838
1.5703;0.0000;0.0000;24.2666;42.2241;0.3838
1.7969;0.0000;0.0000;24.3252;42.0829;0.3837
1.5703;0.0000;0.0000;24.3643;42.0359;0.3838
1.5703;0.0000;0.0000;24.3643;42.1300;0.3838
1.5703;0.0000;0.0000;24.3643;42.1771;0.3838
1.7227;0.0000;0.0000;24.4365;42.1300;0.3837
1.7227;0.0000;0.0000;24.4365;41.9888;0.3837
1.5703;0.0000;0.0000;24.4746;42.0359;0.3838
1.7227;0.0000;0.0000;24.4951;42.0829;0.3837
1.7227;0.0000;0.0000;24.4951;42.0829;0.3837
1.5703;0.0000;0.0000;24.5039;42.1771;0.3838
1.5703;0.0000;0.0000;24.5039;42.1300;0.3838
1.6484;0.0000;0.0000;24.5098;42.0359;0.3838
1.8711;0.0000;0.0000;24.5156;42.0829;0.3837
1.6484;0.0000;0.0000;24.5322;42.1300;0.3838
1.6484;0.0000;0.0000;24.5322;42.0829;0.3838
1.7227;0.0000;0.0000;24.5527;42.0829;0.3837
1.7227;0.0000;0.0000;24.5527;42.0829;0.3837
1.7227;0.0000;0.0000;24.5527;42.1300;0.3837
1.7969;0.0000;0.0000;24.5703;42.1300;0.3837
1.7227;0.0000;0.0000;24.5605;42.0829;0.3837
1.7227;0.0000;0.0000;24.5605;42.1300;0.3837
1.7227;0.0000;0.0000;24.5488;42.0829;0.3837
1.7227;0.0000;0.0000;24.5488;42.1300;0.3837
1.7227;0.0000;0.0000;24.5488;42.1771;0.3837
1.5703;0.0000;0.0000;24.5400;42.0359;0.3838
1.7969;0.0000;0.0000;24.5459;42.1300;0.3837
1.7969;0.0000;0.0000;24.5459;42.0359;0.3837
1.7227;0.0000;0.0000;24.5537;42.0359;0.3837
1.7227;0.0000;0.0000;24.5537;41.9888;0.3837
1.7227;0.0000;0.0000;24.5537;42.0359;0.3837
1.5703;0.0000;0.0000;24.5459;42.0359;0.3838
1.7227;0.0000;0.0000;24.4775;42.0359;0.3837
1.7227;0.0000;0.0000;24.4307;42.1300;0.3837
1.7227;0.0000;0.0000;24.4307;42.0829;0.3837
1.8711;0.0000;0.0000;24.3545;41.9888;0.3837
1.8711;0.0000;0.0000;24.3545;42.0829;0.3837
1.8711;0.0000;0.0000;24.3545;42.1300;0.3837
1.8711;0.0000;0.0000;24.3398;42.0829;0.3837
1.9453;0.0000;0.0000;24.3633;42.0359;0.3837
1.9453;0.0000;0.0000;24.3633;42.0829;0.3837
1.7969;0.0000;0.0000;24.3643;42.0829;0.3837
1.7969;0.0000;0.0000;24.3643;42.0829;0.3837
1.7969;0.0000;0.0000;24.3643;42.1300;0.3837
1.8711;0.0000;0.0000;24.3623;42.1300;0.3837
2.0195;0.0000;0.0000;24.3662;42.0359;0.3837
2.0195;0.0000;0.0000;24.3662;42.0829;0.3837
1.9453;0.0000;0.0000;24.3311;41.9888;0.3837
1.9453;0.0000;0.0000;24.3311;42.0359;0.3837
1.9453;0.0000;0.0000;24.3311;42.0829;0.3837
2.0977;0.0000;0.0000;24.2295;42.0829;0.3837
-0.1523;0.0000;0.0000;26.0879;36.6241;0.3795
-0.3008;0.0000;0.0000;26.0615;36.5300;0.3796
-0.3008;0.0000;0.0000;26.0615;36.5771;0.3796
-0.3008;0.0000;0.0000;26.0615;36.6241;0.3796
-0.3008;0.0000;0.0000;26.0166;36.6712;0.3796
-0.3008;0.0000;0.0000;26.0166;36.5771;0.3796
-0.4531;0.0000;0.0000;25.9736;36.6241;0.3796
-0.4531;0.0000;0.0000;25.9736;36.5771;0.3796
-0.3008;0.0000;0.0000;25.9424;36.7182;0.3796
-0.3008;0.0000;0.0000;25.9424;36.6712;0.3796
-0.3008;0.0000;0.0000;25.9424;36.7182;0.3796
-0.4531;0.0000;0.0000;25.9199;36.7182;0.3796
-0.4531;0.0000;0.0000;25.9199;36.6712;0.3796
-0.4531;0.0000;0.0000;25.9199;36.6241;0.3796
-0.4531;0.0000;0.0000;25.9150;36.7182;0.3796
-0.4531;0.0000;0.0000;25.9150;36.6712;0.3796
-0.3789;0.0000;0.0000;25.9053;36.8124;0.3796
-0.5313;0.0000;0.0000;25.9014;36.8594;0.3796
-0.5313;0.0000;0.0000;25.9014;36.7182;0.3796
-0.6055;0.0000;0.0000;25.9014;36.7653;0.3796
-0.6055;0.0000;0.0000;25.9014;36.8594;0.3796
-0.6055;0.0000;0.0000;25.9014;36.7653;0.3796
-0.7539;0.0000;0.0000;25.8975;36.8594;0.3797
-0.7539;0.0000;0.0000;25.8955;36.8594;0.3797
-0.7539;0.0000;0.0000;25.8975;36.9535;0.3797
-0.7539;0.0000;0.0000;25.8975;36.9535;0.3797
-0.9063;0.0000;0.0000;25.8926;36.9065;0.3797
-0.9063;0.0000;0.0000;25.8926;36.9535;0.3797
-0.9063;0.0000;0.0000;25.8877;36.9535;0.3797
-0.9063;0.0000;0.0000;25.8916;36.9065;0.3797
-0.9063;0.0000;0.0000;25.8916;36.9065;0.3797
-1.0586;0.0000;0.0000;25.8701;37.0006;0.3797
-1.0586;0.0000;0.0000;25.8701;37.0006;0.3797
-1.0586;0.0000;0.0000;25.8701;37.0476;0.3797
-1.1328;0.0000;0.0000;25.8057;37.0006;0.3797
-1.1328;0.0000;0.0000;25.8057;37.0476;0.3797
-1.1328;0.0000;0.0000;25.8135;37.0006;0.3797
-1.1328;0.0000;0.0000;25.8193;36.9535;0.3797
-1.1328;0.0000;0.0000;25.8193;37.0006;0.3797
-1.1328;0.0000;0.0000;25.8232;37.0006;0.3797
-1.1328;0.0000;0.0000;25.8232;37.0006;0.3797
-1.1328;0.0000;0.0000;25.8232;37.0476;0.3797
-1.2070;0.0000;0.0000;25.7080;37.0006;0.3797
-1.2070;0.0000;0.0000;25.8174;37.0476;0.3797
-1.2070;0.0000;0.0000;25.8174;37.0947;0.3797
-1.0586;0.0000;0.0000;25.8145;37.0947;0.3797
-1.0586;0.0000;0.0000;25.8145;37.1418;0.3797
-1.0586;0.0000;0.0000;25.8145;37.0947;0.3797
-1.2813;0.0000;0.0000;25.8105;37.0947;0.3798
-1.3594;0.0000;0.0000;25.8008;37.0947;0.3798
-1.5117;0.0000;0.0000;25.8057;37.1418;0.3798
-1.5117;0.0000;0.0000;25.8057;37.0947;0.3798
-1.5117;38.3287;33.9996;25.8125;37.2359;0.3798
-1.5117;38.3287;33.9996;25.8125;37.0947;0.3798
-1.3594;38.3287;33.9996;25.8086;37.1888;0.3798
-1.3594;38.3287;33.9996;25.8086;37.1888;0.3798
-1.3594;38.3287;33.9996;25.8086;37.3300;0.3798
-1.5117;38.3287;33.9996;25.7109;37.2829;0.3798
-1.5117;38.3287;33.9996;25.7109;37.2359;0.3798
-1.6641;38.3287;33.9996;25.7900;37.2359;0.3798
-1.8125;38.3287;33.9996;25.8008;37.2829;0.3799
-1.7383;38.3287;33.9996;25.8047;37.2359;0.3799
-1.7383;38.3287;33.9996;25.8047;37.2829;0.3799
-1.8125;38.3287;33.9996;25.7998;37.3300;0.3799
-1.8125;38.3287;33.9996;25.7998;37.2829;0.3799
-1.7383;38.3287;33.9996;25.7910;37.4241;0.3799
-1.7383;38.3287;33.9996;25.7910;37.3771;0.3799
-1.6641;38.3287;33.9996;25.7822;37.4241;0.3798
-1.9648;38.3287;33.9996;25.7695;37.3771;0.3799
-1.9648;38.3287;33.9996;25.7627;37.4241;0.3799
-1.9648;38.3287;33.9996;25.7627;37.5182;0.3799
-1.9648;38.3287;33.9996;25.7627;37.5182;0.3799
-2.0391;38.3287;33.9996;25.7588;37.4712;0.3799
-2.1133;38.3287;33.9996;25.7588;37.5653;0.3799
-2.1133;38.3287;33.9996;25.7588;37.5182;0.3799
-2.2656;38.3287;33.9996;25.7588;37.5182;0.3800
-2.1914;38.3287;33.9996;25.7549;37.6594;0.3799
-2.4922;38.3287;33.9996;25.7549;37.6124;0.3800
-2.4922;38.3287;33.9996;25.7510;37.5182;0.3800
-2.4922;38.3287;33.9996;25.7510;37.5653;0.3800
-2.4922;38.3287;33.9996;25.7500;37.5653;0.3800
-2.4922;38.3287;33.9996;25.7500;37.5653;0.3800
-2.4922;38.3287;33.9996;25.7500;37.7065;0.3800
-2.4180;38.3287;33.9996;25.7490;37.5653;0.3800
-2.5664;38.3287;33.9996;25.7441;37.6594;0.3800
-2.5664;38.3287;33.9996;25.7441;37.6124;0.3800
-2.5664;38.3287;33.9996;25.7393;37.5653;0.3800
-2.5664;38.3287;33.9996;25.7393;37.6594;0.3800
-2.5664;38.3287;33.9996;25.7412;37.5653;0.3800
-2.7188;38.3287;33.9996;25.7393;37.7065;0.3801
-2.7188;38.3287;33.9996;25.7393;37.6594;0.3801
-2.8711;38.3287;33.9996;25.7354;37.7535;0.3801
-2.8711;38.3287;33.9996;25.7354;37.6124;0.3801
-2.8711;38.3287;33.9996;25.7354;37.6594;0.3801
-3.0195;38.3287;33.9996;25.7324;37.6594;0.3801
-3.0195;38.3287;33.9996;25.7324;37.8006;0.3801
-2.8711;38.3287;33.9996;25.7207;37.8006;0.3801
-2.8711;38.3287;33.9996;25.7207;37.7535;0.3801
-3.0938;38.3287;33.9996;25.6992;37.8006;0.3801
-3.0938;38.3287;33.9996;25.6992;37.7535;0.3801
-3.0938;38.3287;33.9996;25.6992;37.8006;0.3801
-3.0938;38.3287;33.9996;25.6563;37.8006;0.3801
-3.0938;38.3287;33.9996;25.6563;37.8006;0.3801
-3.2500;38.3287;33.9996;25.5947;37.8006;0.3802
-3.0195;38.3287;33.9996;25.5361;37.7535;0.3801
-3.0195;38.3287;33.9996;25.5361;37.8006;0.3801
-3.1719;38.3287;33.9996;25.5322;37.8006;0.3801
-3.1719;38.3287;33.9996;25.5322;37.8006;0.3801
-3.1719;38.3287;33.9996;25.5322;37.8476;0.3801
-3.3984;38.3287;33.9996;25.5713;37.8006;0.3802
-3.4727;38.3287;33.9996;25.5840;37.8006;0.3802
-3.4727;38.3287;33.9996;25.5840;37.8006;0.3802
-3.4727;38.3287;33.9996;25.5840;37.8476;0.3802
-3.5508;38.3287;33.9996;25.5020;37.8006;0.3802
-3.5508;38.3287;33.9996;25.5020;37.8006;0.3802
-3.3984;38.3287;33.9996;25.5020;37.8947;0.3802
-3.3984;38.3287;33.9996;25.5020;37.8947;0.3802
-3.6250;38.3287;33.9996;25.5635;37.9888;0.3802
-3.4727;38.3287;33.9996;25.5977;37.9888;0.3802
-3.4727;38.3287;33.9996;25.5977;37.8947;0.3802
-3.4727;38.3287;33.9996;25.5977;37.9418;0.3802
-3.6250;38.3287;33.9996;25.6113;37.8947;0.3802
-3.6250;38.3287;33.9996;25.6113;37.9418;0.3802
-3.3984;38.3287;33.9996;25.6201;37.9888;0.3802
-3.3984;38.3287;33.9996;25.6201;38.0359;0.3802
-3.3984;38.3287;33.9996;25.6201;38.0359;0.3802
-3.6250;38.3287;33.9996;25.6221;37.9418;0.3802
-3.6250;38.3287;33.9996;25.6221;37.9888;0.3802
-3.6250;38.3287;33.9996;25.6260;38.0359;0.3802
-3.6250;38.3287;33.9996;25.6396;37.9888;0.3802
-3.7773;38.3287;33.9996;25.6357;38.0829;0.3803
-3.9258;38.3287;33.9996;25.6338;38.0359;0.3803
-3.8516;38.3287;33.9996;25.6279;38.0829;0.3803
-3.8516;38.3287;33.9996;25.6279;38.0829;0.3803
-4.0000;38.3287;33.9996;25.6211;38.0829;0.3803
-4.0000;38.3287;33.9996;25.6211;38.1300;0.3803
-4.0000;38.3287;33.9996;25.5977;38.1771;0.3803
-4.0000;38.3287;33.9996;25.5977;38.1300;0.3803
-4.0000;38.3287;33.9996;25.5977;38.1771;0.3803
-4.2305;38.3287;33.9996;25.6094;38.1300;0.3804
-4.2305;38.3287;33.9996;25.6094;38.2712;0.3804
-4.3047;38.3287;33.9996;25.6182;38.1300;0.3804
-4.2305;38.3287;33.9996;25.6260;38.1771;0.3804
-4.2305;38.3287;33.9996;25.6260;38.2241;0.3804
-4.3789;38.3287;33.9996;25.6465;38.2241;0.3804
-4.3789;38.3287;33.9996;25.6465;38.1771;0.3804
-4.3789;38.3287;33.9996;25.6465;38.2241;0.3804
-4.3047;38.3287;33.9996;25.6553;38.2712;0.3804
-4.3789;38.3287;33.9996;25.6445;38.2241;0.3804
-4.3789;38.3287;33.9996;25.6445;38.3653;0.3804
-4.4531;38.3287;33.9996;25.6436;38.2712;0.3804
-4.6055;38.3287;33.9996;25.6465;38.2712;0.3804
-4.6055;38.3287;33.9996;25.6465;38.2241;0.3804
-4.6055;38.3287;33.9996;25.6465;38.1771;0.3804
-4.6797;38.3287;33.9996;25.6318;38.2712;0.3804
-4.5313;38.3287;33.9996;25.6289;38.2241;0.3804
-4.5313;38.3287;33.9996;25.6289;38.3182;0.3804
-4.6797;38.3287;33.9996;25.6270;38.3653;0.3804
-4.6797;38.3287;33.9996;25.6270;38.2241;0.3804
-4.6797;38.3287;33.9996;25.6270;38.2712;0.3804
-4.7539;38.3287;33.9996;25.6221;38.3182;0.3805
-4.9063;38.3287;33.9996;25.6152;38.3182;0.3805
-4.8320;38.3287;33.9996;25.6104;38.3653;0.3805
-4.9063;38.3287;33.9996;25.6084;38.3653;0.3805
-4.9063;38.3287;33.9996;25.6084;38.3653;0.3805
-4.9805;38.3287;33.9996;25.6104;38.2712;0.3805
-4.9805;38.3287;33.9996;25.6104;38.4594;0.3805
-4.9805;38.3287;33.9996;25.6104;38.4124;0.3805
-5.1328;38.3287;33.9996;25.6055;38.3653;0.3805
-5.1328;38.3287;33.9996;25.5791;38.4124;0.3805
-5.1328;38.3287;33.9996;25.5791;38.5065;0.3805
-5.0586;38.3287;33.9996;25.5732;38.4124;0.3805
-5.1328;38.3287;33.9996;25.4785;38.4594;0.3805
-5.2813;38.3287;33.9996;25.4365;38.4124;0.3806
-5.2813;38.3287;33.9996;25.4365;38.5065;0.3806
-5.1328;38.3287;33.9996;25.4043;38.5065;0.3805
-5.1328;38.3287;33.9996;25.4043;38.4594;0.3805
-5.1328;38.3287;33.9996;25.4043;38.5535;0.3805
-5.3594;38.3287;33.9996;25.3252;38.5065;0.3806
-5.3594;38.3287;33.9996;25.3252;38.5065;0.3806
-5.3594;38.3287;33.9996;25.3252;38.6006;0.3806
-5.5117;38.3287;33.9996;25.3291;38.4594;0.3806
-5.5117;38.3287;33.9996;25.3291;38.5535;0.3806
-5.4375;38.3287;33.9996;25.4297;38.5535;0.3806
-5.4375;38.3287;33.9996;25.4941;38.5535;0.3806
-5.4375;38.3287;33.9996;25.5215;38.5065;0.3806
-5.4375;38.3287;33.9996;25.5215;38.6006;0.3806
-5.4375;38.3287;33.9996;25.5254;38.6006;0.3806
-5.4375;38.3287;33.9996;25.5254;38.6006;0.3806
-5.6602;38.3287;33.9996;25.5342;38.6006;0.3806
-5.6602;38.3287;33.9996;25.5342;38.6476;0.3806
-5.6602;38.3287;33.9996;25.5342;38.6947;0.3806
-5.7383;38.3287;33.9996;25.5469;38.5535;0.3807
-5.7383;38.3287;33.9996;25.5498;38.6947;0.3807
-5.7383;38.3287;33.9996;25.5498;38.6476;0.3807
-5.8867;38.3287;33.9996;25.5039;38.6476;0.3807
-6.1133;38.3287;33.9996;25.4727;38.6947;0.3807
-6.1133;38.3287;33.9996;25.4727;38.7888;0.3807
-6.0391;38.3287;33.9996;25.4541;38.6947;0.3807
-6.0391;38.3287;33.9996;25.4541;38.7418;0.3807
-5.9609;38.3287;33.9996;25.4238;38.7418;0.3807
-5.9609;38.3287;33.9996;25.4238;38.7418;0.3807
-6.2617;38.3287;33.9996;25.3936;38.6476;0.3808
-6.0391;38.3287;33.9996;25.3398;38.7888;0.3807
-6.0391;38.3287;33.9996;25.3398;38.6476;0.3807
-6.1875;38.3287;33.9996;25.2686;38.7418;0.3808
-6.1875;38.3287;33.9996;25.2686;38.6947;0.3808
-6.1875;38.3287;33.9996;25.2686;38.7418;0.3808
-6.1875;38.3287;33.9996;25.1182;38.7888;0.3808
-6.4141;38.3287;33.9996;25.1025;38.8829;0.3808
-6.4141;38.3287;33.9996;25.1025;38.7418;0.3808
-6.3398;38.3287;33.9996;25.0908;38.7888;0.3808
-6.3398;38.3287;33.9996;25.0908;38.7418;0.3808
-6.3398;38.3287;33.9996;25.0508;38.8829;0.3808
-6.4922;38.3287;33.9996;24.9951;38.7888;0.3808
-6.4922;38.3287;33.9996;24.9951;38.8829;0.3808
-6.4922;38.3287;33.9996;24.9629;38.6947;0.3808
-6.4922;38.3287;33.9996;24.9629;38.8359;0.3808
-6.5664;38.3287;33.9996;24.9629;38.7888;0.3808
-6.6406;38.3287;33.9996;24.9990;38.8359;0.3808
-6.7148;38.3287;33.9996;25.0117;38.8829;0.3809
-6.7148;38.3287;33.9996;25.0117;38.8829;0.3809
-6.7148;38.3287;33.9996;25.0117;38.8359;0.3809
-6.7930;38.3287;33.9996;25.0127;38.9300;0.3809
-6.7930;38.3287;33.9996;25.0127;38.9300;0.3809
-6.7930;38.3287;33.9995;25.0010;38.8829;0.3809
-6.7930;38.3287;33.9995;25.0010;38.8829;0.3809
-6.7930;38.3287;33.9995;25.0010;38.9300;0.3809
-6.7930;38.3287;33.9996;25.0313;38.8829;0.3809
-6.7930;38.3287;33.9996;25.0313;38.8829;0.3809
-6.9414;38.3287;33.9996;25.1123;38.9300;0.3809
-6.9414;38.3287;33.9996;25.1123;38.9300;0.3809
-6.9414;38.3287;33.9996;25.1123;38.9300;0.3809
-6.8672;38.3287;33.9996;25.1709;38.8829;0.3809
-6.8672;38.3287;33.9996;25.3516;38.8359;0.3809
-6.8672;38.3287;33.9996;25.3516;38.9300;0.3809
-7.0938;38.3287;33.9996;25.4570;39.0241;0.3809
-7.0156;38.3287;33.9996;25.4277;38.9300;0.3809
-7.0156;38.3287;33.9996;25.3857;38.9771;0.3809
-7.0156;38.3287;33.9996;25.3857;38.9771;0.3809
-7.0156;38.3287;33.9996;25.3857;39.0241;0.3809
-7.0938;38.3287;33.9996;25.4189;39.0241;0.3809
-7.0938;38.3287;33.9996;25.4189;39.0241;0.3809
-7.0938;38.3287;33.9996;25.4893;38.9771;0.3809
-7.0938;38.3287;33.9996;25.5059;39.0241;0.3809
-7.0938;38.3287;33.9996;25.5059;39.0712;0.3809
-7.0938;38.3287;33.9996;25.5059;39.0712;0.3809
-7.1680;38.3287;33.9996;25.5000;38.9771;0.3810
-7.1680;38.3287;33.9996;25.5000;39.0712;0.3810
-7.3945;38.3287;33.9996;25.4990;39.0241;0.3810
-7.2422;38.3287;33.9996;25.4932;38.9771;0.3810
-7.3945;38.3287;33.9996;25.4775;39.0241;0.3810
-7.4727;38.3287;33.9996;25.4688;39.0241;0.3810
-7.4727;38.3287;33.9996;25.4688;39.0241;0.3810
-7.4727;38.3287;33.9996;25.4463;39.0241;0.3810
-7.4727;38.3287;33.9996;25.3975;39.1182;0.3810
-7.4727;38.3287;33.9996;25.3975;39.1182;0.3810
-7.4727;38.3287;33.9996;25.3213;39.1182;0.3810
-7.4727;38.3287;33.9996;25.3213;39.1182;0.3810
-7.5469;38.3287;33.9996;25.2754;39.0712;0.3810
-7.5469;38.3287;33.9996;25.2744;39.0712;0.3810
-7.5469;38.3287;33.9996;25.3262;39.1182;0.3810
-7.5469;38.3287;33.9996;25.3262;39.1182;0.3810
-7.7734;38.3287;33.9996;25.3545;39.1182;0.3811
-7.7734;38.3287;33.9996;25.3545;39.2124;0.3811
-7.6172;38.3287;33.9996;25.3555;39.0241;0.3810
-7.6172;38.3287;33.9996;25.3555;39.1182;0.3810
-7.6172;38.3287;33.9996;25.3555;39.1182;0.3810
-7.6953;38.3287;33.9996;25.3584;39.2124;0.3811
-7.6953;38.3287;33.9996;25.3584;39.1182;0.3811
-7.6953;38.3287;33.9996;25.3691;39.1653;0.3811
-7.6953;38.3287;33.9996;25.3691;39.1182;0.3811
-7.7734;38.3287;33.9996;25.3799;39.1653;0.3811
-7.7734;38.3287;33.9996;25.3799;39.2594;0.3811
-7.7734;38.3287;33.9996;25.3799;39.1182;0.3811
-7.8477;38.3287;33.9996;25.3975;39.2594;0.3811
-7.8477;38.3287;33.9996;25.3975;39.2124;0.3811
-7.8477;38.3287;33.9996;25.3975;39.2124;0.3811
-8.0742;38.3287;33.9996;25.4043;39.3065;0.3811
-8.0742;38.3287;33.9996;25.4043;39.2594;0.3811
-8.0742;38.3287;33.9996;25.4043;39.2124;0.3811
-7.9961;38.3287;33.9996;25.4180;39.2594;0.3811
-7.9961;38.3287;33.9996;25.4229;39.2594;0.3811
-7.9961;38.3287;33.9996;25.4229;39.2124;0.3811
-8.2227;38.3287;33.9996;25.4150;39.2124;0.3812
-8.2227;38.3287;33.9996;25.4150;39.3065;0.3812
-7.9961;38.3287;33.9996;25.3818;39.3065;0.3811
-8.2227;38.3287;33.9996;25.2959;39.2594;0.3812
-8.2227;38.3287;33.9996;25.2959;39.3535;0.3812
-7.9961;38.3287;33.9996;25.2334;39.3065;0.3811
-7.9961;38.3287;33.9996;25.2334;39.3065;0.3811
-7.9961;38.3287;33.9996;25.2334;39.2124;0.3811
-8.3750;38.3287;33.9996;25.2090;39.3535;0.3812
-8.3750;38.3287;33.9996;25.2090;39.2594;0.3812
-8.0742;38.3287;33.9996;25.1895;39.2594;0.3811
-8.3750;38.3287;33.9996;25.1699;39.3535;0.3812
-8.3750;38.3287;33.9996;25.1699;39.2594;0.3812
-8.2969;38.3287;33.9996;25.1387;39.3065;0.3812
-8.2969;38.3287;33.9996;25.1387;39.3065;0.3812
-8.2969;38.3287;33.9996;25.1387;39.3535;0.3812
-8.2969;38.3287;33.9996;25.0586;39.2594;0.3812
-8.2227;38.3287;33.9996;24.9580;39.3065;0.3812
-8.4492;38.3287;33.9996;24.8906;39.3065;0.3812
-8.4492;38.3287;33.9996;24.8906;39.4006;0.3812
-8.4492;38.3287;33.9996;24.8379;39.3065;0.3812
-8.4492;38.3287;33.9996;24.8379;39.3065;0.3812
-8.4492;38.3287;33.9996;24.8379;39.4476;0.3812
-8.5977;38.3287;33.9996;24.8340;39.3535;0.3812
-8.5977;38.3287;33.9996;24.8340;39.4476;0.3812
-8.5977;38.3287;33.9996;24.8340;39.4006;0.3812
-8.5977;38.3287;33.9996;24.8877;39.3535;0.3812
-8.5977;38.3287;33.9996;24.8877;39.3065;0.3812
-8.5977;38.3287;33.9996;24.9268;39.4006;0.3812
-8.5977;38.3287;33.9996;24.9268;39.4476;0.3812
-8.5977;38.3287;33.9996;24.9268;39.4476;0.3812
-8.6758;38.3287;33.9996;24.9541;39.4006;0.3813
-8.6758;38.3287;33.9996;24.9541;39.3535;0.3813
-8.6758;38.3287;33.9996;24.9639;39.2594;0.3813
-8.7500;38.3287;33.9996;24.9932;39.5418;0.3813
-8.7500;38.3287;33.9996;25.0146;39.5418;0.3813
-8.7500;38.3287;33.9996;25.0146;39.4947;0.3813
-8.5977;38.3287;33.9996;25.0244;39.4006;0.3812
-8.5977;38.3287;33.9996;25.0244;39.4006;0.3812
-8.5977;38.3287;33.9996;25.0244;39.5418;0.3812
-8.7500;38.3287;33.9996;25.0264;39.4006;0.3813
-8.7500;38.3287;33.9996;25.0264;39.4947;0.3813
-8.7500;38.3287;33.9996;25.0840;39.4006;0.3813
-8.7500;38.3287;33.9996;25.0840;39.4947;0.3813
-8.7500;38.3287;33.9996;25.0840;39.5418;0.3813
-8.7500;38.3287;33.9996;25.1230;39.5888;0.3813
-8.7500;38.3287;33.9996;25.1230;39.4006;0.3813
-8.7500;38.3287;33.9996;25.1396;39.5418;0.3813
-8.8242;38.3287;33.9996;25.1602;39.4476;0.3813
-8.8242;38.3287;33.9996;25.1602;39.6359;0.3813
-8.9023;38.3287;33.9996;25.1826;39.5418;0.3813
-8.9023;38.3287;33.9996;25.1826;39.4947;0.3813
-9.0508;38.3287;33.9996;25.2080;39.5418;0.3813
-9.0508;38.3287;33.9996;25.2080;39.4947;0.3813
-9.2031;38.3287;33.9996;25.2588;39.4947;0.3814
-9.0508;38.3287;33.9996;25.2988;39.5418;0.3813
-9.0508;38.3287;33.9996;25.2988;39.4476;0.3813
-9.1250;38.3287;33.9996;25.2803;39.5418;0.3813
-9.1250;38.3287;33.9996;25.2803;39.5888;0.3813
-9.1250;38.3287;33.9996;25.2803;39.5418;0.3813
-9.1250;38.3287;33.9996;25.2266;39.4947;0.3813
-9.1250;38.3287;33.9996;25.2266;39.4947;0.3813
-9.0508;38.3287;33.9996;25.2266;39.6829;0.3813
-9.0508;38.3287;33.9996;25.2266;39.4947;0.3813
-9.2031;38.3287;33.9996;25.2422;39.5418;0.3814
-9.2031;38.3287;33.9996;25.2422;39.4947;0.3814
-9.2031;38.3287;33.9996;25.2422;39.6829;0.3814
-9.2773;38.3287;33.9996;25.2412;39.6359;0.3814
-9.2773;38.3287;33.9996;25.2412;39.6359;0.3814
-9.2773;38.3287;33.9996;25.2813;39.5888;0.3814
-9.2773;38.3287;33.9996;25.2813;39.5418;0.3814
-9.2773;38.3287;33.9996;25.2813;39.4947;0.3814
-9.5039;38.3287;33.9996;25.3027;39.5888;0.3814
-9.4258;38.3287;33.9996;25.3037;39.6359;0.3814
-9.4258;38.3287;33.9996;25.3037;39.6829;0.3814
-9.4258;38.3287;33.9996;25.3037;39.6829;0.3814
-9.3516;38.3287;33.9996;25.2979;39.6359;0.3814
-9.3516;38.3287;33.9996;25.2979;39.6359;0.3814
-9.5039;38.3287;33.9996;25.2949;39.6829;0.3814
-9.5039;38.3287;33.9996;25.2949;39.5888;0.3814
-9.5039;38.3287;33.9996;25.2949;39.5888;0.3814
-9.6523;38.3287;33.9996;25.3154;39.6829;0.3815
-9.5781;38.3287;33.9996;25.3379;39.6829;0.3814
-9.6523;38.3287;33.9996;25.3359;39.6359;0.3815
-9.6523;38.3287;33.9996;25.3359;39.6829;0.3815
-9.6523;38.3287;33.9996;25.3330;39.5888;0.3815
-9.6523;38.3287;33.9996;25.3330;39.6359;0.3815
-9.8047;38.3287;33.9996;25.3311;39.7771;0.3815
-9.8047;38.3287;33.9996;25.3311;39.6829;0.3815
-9.7266;38.3287;33.9996;25.3604;39.6829;0.3815
-9.8047;38.3287;33.9996;25.3779;39.7771;0.3815
-9.8047;38.3287;33.9996;25.3779;39.7300;0.3815
-9.8789;38.3287;33.9996;25.2959;39.7300;0.3815
-9.8789;38.3287;33.9996;25.2959;39.7771;0.3815
-9.7266;38.3287;33.9996;25.2041;39.8241;0.3815
-9.9531;38.3287;33.9996;25.1563;39.7300;0.3815
-9.9531;38.3287;33.9996;25.1563;39.6359;0.3815
-9.9531;38.3287;33.9996;25.1436;39.7300;0.3815
-9.9531;38.3287;33.9996;25.1436;39.8241;0.3815
-9.9531;38.3287;33.9996;25.1436;39.8241;0.3815
-9.8789;38.3287;33.9996;25.1992;39.7771;0.3815
-9.8789;38.3287;33.9996;25.1992;39.8241;0.3815
-9.9531;38.3287;33.9996;25.2568;39.8712;0.3815
-9.9531;38.3287;33.9996;25.2568;39.8712;0.3815
-10.1055;38.3287;33.9996;25.2168;39.7771;0.3815
-10.1055;38.3287;33.9996;25.2168;39.8712;0.3815
-10.1055;38.3287;33.9996;25.1768;39.7771;0.3815
-10.1797;38.3287;33.9996;25.3281;39.9182;0.3816
-10.1797;38.3287;33.9996;25.3281;39.7771;0.3816
-10.0273;38.3287;33.9996;25.4639;39.8241;0.3815
-10.0273;38.3287;33.9996;25.4639;39.7771;0.3815
-10.0273;38.3287;33.9996;25.4639;39.8712;0.3815
-10.1797;38.3287;33.9996;25.5010;39.7771;0.3816
-10.1797;38.3287;33.9996;25.5010;39.7771;0.3816
-10.1797;38.3287;33.9996;25.5010;39.8712;0.3816
-10.1055;38.3287;33.9996;25.5176;39.8712;0.3815
-10.1055;38.3286;33.9996;25.5176;39.9182;0.3815
-10.1055;38.3286;33.9996;25.5107;39.8712;0.3815
-10.4805;38.3286;33.9996;25.5352;39.8712;0.3816
-10.4805;38.3286;33.9996;25.5352;40.0124;0.3816
-10.3281;38.3286;33.9996;25.5449;39.8712;0.3816
-10.3281;38.3286;33.9996;25.5449;39.8712;0.3816
-10.4063;38.3286;33.9996;25.5410;39.8241;0.3816
-10.4063;38.3286;33.9996;25.5410;39.9182;0.3816
-10.4063;38.3286;33.9996;25.5381;39.9653;0.3816
-10.4063;38.3286;33.9996;25.5381;39.9182;0.3816
-10.4063;38.3286;33.9996;25.5352;39.9182;0.3816
-10.4063;38.3286;33.9996;25.5352;39.8712;0.3816
-10.3281;38.3286;33.9996;25.5244;39.9182;0.3816
-10.3281;38.3286;33.9996;25.5244;39.8712;0.3816
-10.5586;38.3286;33.9996;25.5146;39.9653;0.3816
-10.5586;38.3286;33.9996;25.5146;40.0124;0.3816
-10.5586;38.3286;33.9996;25.5146;39.9653;0.3816
-10.5586;38.3286;33.9996;25.5088;39.9653;0.3816
-10.5586;38.3286;33.9996;25.5078;39.8712;0.3816
-10.5586;38.3286;33.9996;25.5078;39.9182;0.3816
-10.5586;38.3286;33.9996;25.5000;39.9653;0.3816
-10.5586;38.3286;33.9996;25.5000;40.0594;0.3816
-10.5586;38.3286;33.9996;25.4971;40.0124;0.3816
-10.5586;38.3286;33.9996;25.4971;39.9653;0.3816
-10.5586;38.3286;33.9996;25.4844;39.9653;0.3816
-10.5586;38.3286;33.9996;25.4844;39.9653;0.3816
-10.5586;38.3286;33.9996;25.4805;40.0124;0.3816
-10.5586;38.3286;33.9996;25.4805;39.9653;0.3816
-10.5586;38.3286;33.9996;25.4805;39.9653;0.3816
-10.7070;38.3286;33.9996;25.4785;39.9653;0.3817
-10.7070;38.3286;33.9996;25.4785;40.0124;0.3817
-10.7070;38.3286;33.9996;25.4756;40.0124;0.3817
-10.7070;38.3286;33.9996;25.4814;40.0124;0.3817
-10.8594;38.3286;33.9996;25.5273;40.0124;0.3817
-10.7070;38.3286;33.9996;25.4727;40.0594;0.3817
-10.7070;38.3286;33.9996;25.4727;40.0594;0.3817
-10.7070;38.3286;33.9996;25.4727;39.9653;0.3817
-10.7813;38.3286;33.9996;25.4639;40.0594;0.3817
-10.7813;38.3286;33.9996;25.4639;39.9182;0.3817
-10.8594;38.3286;33.9996;25.4434;39.9653;0.3817
-10.8594;38.3286;33.9996;25.4434;39.9653;0.3817
-10.9336;38.3286;33.9996;25.4014;40.0594;0.3817
-10.9336;38.3286;33.9996;25.4014;40.0124;0.3817
-10.9336;38.3286;33.9996;25.4014;40.0124;0.3817
-10.9336;38.3286;33.9996;25.2793;39.9653;0.3817
-10.9336;38.3286;33.9996;25.2793;40.1065;0.3817
-10.9336;38.3286;33.9996;25.2793;40.0594;0.3817
-10.8594;38.3286;33.9996;25.1357;40.0594;0.3817
-10.8594;38.3286;33.9996;25.1357;40.0124;0.3817
-11.1602;38.3286;33.9996;25.0811;40.0594;0.3818
-11.2344;38.3286;33.9996;25.1855;40.0594;0.3818
-11.2344;38.3286;33.9996;25.1855;40.1065;0.3818
-11.2344;38.3286;33.9996;25.2080;40.1065;0.3818
-11.2344;38.3286;33.9996;25.2080;40.0594;0.3818
-11.3086;38.3286;33.9996;25.2188;40.1065;0.3818
-11.3086;38.3286;33.9996;25.2188;40.0594;0.3818
-11.2344;38.3286;33.9996;25.2412;40.1065;0.3818
-11.2344;38.3286;33.9996;25.2412;40.1535;0.3818
-11.2344;38.3286;33.9996;25.2412;40.0594;0.3818
-11.3828;38.3286;33.9996;25.2480;40.1065;0.3818
-11.3828;38.3286;33.9996;25.2480;40.0594;0.3818
-11.3086;38.3286;33.9996;25.1982;40.1535;0.3818
-11.3828;38.3286;33.9996;25.1611;40.0594;0.3818
-11.3828;38.3286;33.9996;25.1611;40.1065;0.3818
-11.4570;38.3286;33.9996;25.1396;40.1535;0.3818
-11.4570;38.3286;33.9996;25.1396;40.2006;0.3818
-11.4570;38.3286;33.9996;25.1396;40.2476;0.3818
-11.6094;38.3286;33.9996;25.1260;40.1535;0.3819
-11.6094;38.3286;33.9996;25.1260;40.1535;0.3819
-11.6836;38.3286;33.9996;25.1406;40.1535;0.3819
-11.6836;38.3286;33.9996;25.1406;40.2006;0.3819
-11.4570;38.3286;33.9996;25.1484;40.2006;0.3818
-11.4570;38.3286;33.9996;25.1484;40.2006;0.3818
-11.4570;38.3286;33.9996;25.1484;40.1535;0.3818
-11.4570;38.3286;33.9996;25.1484;40.2006;0.3818
-11.4570;38.3286;33.9996;25.1484;40.1065;0.3818
-11.4570;38.3286;33.9996;25.1260;40.1065;0.3818
-11.6836;38.3285;33.9996;25.1211;40.2006;0.3819
-11.6836;38.3285;33.9996;25.1211;40.2476;0.3819
-11.6836;38.3285;33.9996;25.1318;40.1535;0.3819
-11.6836;38.3285;33.9996;25.1318;40.1535;0.3819
-11.6836;38.3285;33.9996;25.1748;40.2006;0.3819
-11.6836;38.3285;33.9996;25.1748;40.2476;0.3819
-11.7578;38.3285;33.9996;25.2344;40.2476;0.3819
-11.7578;38.3285;33.9996;25.2695;40.2006;0.3819
-11.7578;38.3285;33.9996;25.2695;40.2006;0.3819
-11.7578;38.3285;33.9996;25.1768;40.1535;0.3819
-11.7578;38.3285;33.9996;25.1768;40.2006;0.3819
-11.7578;38.3285;33.9996;25.1768;40.2476;0.3819
-11.7578;38.3285;33.9996;25.0361;40.2006;0.3819
-11.7578;38.3285;33.9996;25.0361;40.2476;0.3819
-11.7578;38.3285;33.9996;25.0361;40.2947;0.3819
-11.6836;38.3285;33.9996;25.0186;40.2947;0.3819
-11.7578;38.3285;33.9996;25.1318;40.2476;0.3819
-11.9102;38.3285;33.9996;25.1914;40.3888;0.3819
-11.9102;38.3285;33.9996;25.1914;40.2476;0.3819
-11.7578;38.3285;33.9996;25.2002;40.2947;0.3819
-11.7578;38.3285;33.9996;25.2002;40.2947;0.3819
-11.9102;38.3285;33.9996;25.2080;40.2476;0.3819
-11.9102;38.3285;33.9996;25.2080;40.3888;0.3819
-11.9102;38.3285;33.9996;25.2080;40.2476;0.3819
-11.8359;38.3285;33.9996;25.2275;40.2476;0.3819
-11.8359;38.3285;33.9996;25.2275;40.3888;0.3819
-12.0625;38.3285;33.9996;25.2432;40.2947;0.3819
-12.0625;38.3285;33.9996;25.2432;40.4359;0.3819
-11.9102;38.3285;33.9996;25.2441;40.3418;0.3819
-11.9102;38.3285;33.9996;25.2441;40.4359;0.3819
-12.0625;38.3285;33.9996;25.2451;40.3418;0.3819
-12.1328;38.3285;33.9996;25.2490;40.3418;0.3820
-12.1328;38.3285;33.9996;25.2490;40.3888;0.3820
-11.9102;38.3285;33.9996;25.2373;40.3888;0.3819
-11.9102;38.3285;33.9996;25.2373;40.2476;0.3819
-11.9102;38.3285;33.9996;25.2197;40.3888;0.3819
-11.9102;38.3285;33.9996;25.2197;40.2947;0.3819
-11.9102;38.3285;33.9996;25.2197;40.3418;0.3819
-11.9844;38.3285;33.9996;25.2051;40.3418;0.3819
-11.9844;38.3285;33.9996;25.2051;40.2947;0.3819
-11.9844;38.3285;33.9996;25.2012;40.3888;0.3819
-11.9844;38.3285;33.9996;25.2012;40.3418;0.3819
-12.0625;38.3285;33.9996;25.2070;40.3888;0.3819
-12.0625;38.3285;33.9996;25.2070;40.3418;0.3819
-12.0625;38.3285;33.9996;25.2070;40.2006;0.3819
-12.0625;38.3285;33.9996;25.2070;40.4359;0.3819
-12.2109;38.3285;33.9996;25.2041;40.3888;0.3820
-12.2109;38.3285;33.9996;25.2041;40.4359;0.3820
-12.2109;38.3285;33.9996;25.2041;40.3418;0.3820
-12.1328;38.3285;33.9996;25.2061;40.4359;0.3820
-12.0625;38.3285;33.9996;25.1875;40.4359;0.3819
-12.1328;38.3285;33.9996;25.1895;40.3888;0.3820
-12.1328;38.3285;33.9996;25.1895;40.3888;0.3820
-12.1328;38.3285;33.9996;25.1895;40.2947;0.3820
-12.1328;38.3285;33.9996;25.1904;40.4359;0.3820
-12.1328;38.3285;33.9996;25.1904;40.4359;0.3820
-11.9844;38.3285;33.9996;25.1807;40.3418;0.3819
-11.9844;38.3285;33.9996;25.1807;40.3418;0.3819
-12.1328;38.3285;33.9996;25.1709;40.3418;0.3820
-12.1328;38.3285;33.9996;25.1709;40.4829;0.3820
-12.2109;38.3285;33.9996;25.1670;40.3888;0.3820
-12.2109;38.3285;33.9996;25.1670;40.4359;0.3820
-12.2109;38.3285;33.9996;25.1670;40.4829;0.3820
-12.2852;38.3285;33.9996;25.1689;40.3418;0.3820
-12.3633;38.3285;33.9996;25.1650;40.3888;0.3820
-12.3633;38.3285;33.9996;25.1650;40.3888;0.3820
-12.3633;38.3285;33.9996;25.1680;40.3888;0.3820
-12.5117;38.3285;33.9996;25.1699;40.4829;0.3820
-12.5859;38.3285;33.9996;25.1846;40.4359;0.3820
-12.5859;38.3285;33.9996;25.1846;40.4359;0.3820
-12.3633;38.3285;33.9996;25.1904;40.3888;0.3820
-12.3633;38.3285;33.9996;25.1904;40.4359;0.3820
-12.5117;38.3285;33.9996;25.1943;40.5771;0.3820
-12.5117;38.3285;33.9996;25.1943;40.3418;0.3820
-12.4375;38.3285;33.9996;25.2061;40.4829;0.3820
-12.4375;38.3285;33.9996;25.2061;40.4359;0.3820
-12.5859;38.3285;33.9996;25.2090;40.3888;0.3820
-12.5859;38.3285;33.9996;25.2090;40.4359;0.3820
-12.5859;38.3285;33.9996;25.2090;40.3888;0.3820
-12.8125;38.3285;33.9996;25.1982;40.4829;0.3821
-12.8125;38.3285;33.9996;25.1982;40.4829;0.3821
-12.6602;38.3285;33.9996;25.1748;40.5300;0.3821
-12.6602;38.3285;33.9996;25.1543;40.5300;0.3821
-12.6602;38.3285;33.9996;25.1543;40.5300;0.3821
-12.6602;38.3285;33.9996;25.1279;40.5300;0.3821
-12.6602;38.3285;33.9996;25.1279;40.5771;0.3821
-12.6602;38.3285;33.9996;25.1279;40.4829;0.3821
-12.8125;38.3285;33.9996;25.1045;40.4359;0.3821
-12.8125;38.3285;33.9996;25.1045;40.5771;0.3821
-12.6602;38.3285;33.9996;25.0957;40.5771;0.3821
-12.6602;38.3285;33.9996;25.0957;40.4359;0.3821
-12.7383;38.3285;33.9996;25.0869;40.5771;0.3821
-12.7383;38.3285;33.9996;25.0869;40.5771;0.3821
-12.8125;38.3285;33.9996;25.0732;40.5300;0.3821
-12.8125;38.3285;33.9996;25.0381;40.5300;0.3821
-12.9609;38.3285;33.9996;24.9980;40.5771;0.3821
-12.9609;38.3285;33.9996;24.9980;40.6712;0.3821
-12.9609;38.3285;33.9996;24.9639;40.3888;0.3821
-12.9609;38.3285;33.9996;24.9639;40.4829;0.3821
-12.9609;38.3285;33.9996;24.9453;40.5771;0.3821
-12.9609;38.3286;33.9996;24.9453;40.5300;0.3821
-12.9609;38.3286;33.9996;24.9385;40.5771;0.3821
-12.9609;38.3286;33.9996;24.9063;40.6241;0.3821
-12.9609;38.3286;33.9996;24.9063;40.6241;0.3821
-13.1133;38.3286;33.9996;24.8594;40.5300;0.3822
-13.1133;38.3286;33.9996;24.8594;40.6241;0.3822
-13.1133;38.3286;33.9996;24.8594;40.6241;0.3822
-13.1875;38.3286;33.9996;24.8633;40.5771;0.3822
-13.1875;38.3286;33.9996;24.8633;40.6712;0.3822
-13.1133;38.3286;33.9996;24.9141;40.6241;0.3822
-13.1133;38.3286;33.9996;24.9141;40.6241;0.3822
-13.1875;38.3286;33.9996;24.9736;40.5300;0.3822
-13.1133;38.3286;33.9996;25.0049;40.6241;0.3822
-13.1133;38.3286;33.9996;25.0332;40.7182;0.3822
-13.1133;38.3286;33.9996;25.0332;40.5300;0.3822
-13.1133;38.3286;33.9996;25.0332;40.6241;0.3822
-13.1875;38.3286;33.9996;25.0547;40.6241;0.3822
-13.1875;38.3286;33.9996;25.0547;40.6241;0.3822
-13.3359;38.3286;33.9996;25.0518;40.5300;0.3822
-13.3359;38.3286;33.9996;25.0518;40.6241;0.3822
-13.2617;38.3286;33.9996;25.0195;40.7182;0.3822
-13.2617;38.3286;33.9996;25.0195;40.6712;0.3822
-13.4141;38.3286;33.9996;24.9932;40.5771;0.3822
-13.4141;38.3286;33.9996;24.9932;40.6241;0.3822
-13.4141;38.3286;33.9996;24.9932;40.6241;0.3822
-13.3359;38.3286;33.9996;24.9951;40.6712;0.3822
-13.3359;38.3286;33.9996;24.9951;40.6712;0.3822
-13.4141;38.3286;33.9996;25.0146;40.6241;0.3822
-13.4141;38.3286;33.9996;25.0146;40.5771;0.3822
-13.4141;38.3286;33.9996;25.0146;40.6712;0.3822
-13.5625;38.3286;33.9996;25.0674;40.6241;0.3822
-13.7148;38.3286;33.9996;25.0928;40.7182;0.3823
-13.4141;38.3286;33.9996;25.0801;40.7653;0.3822
-13.4141;38.3286;33.9996;25.0801;40.6712;0.3822
-13.4883;38.3286;33.9996;25.0674;40.6241;0.3822
-13.4883;38.3286;33.9996;25.0674;40.7182;0.3822
-13.4883;38.3286;33.9996;25.0674;40.6712;0.3822
-13.4141;38.3286;33.9996;25.0371;40.7653;0.3822
-13.4141;38.3285;33.9996;25.0371;40.7653;0.3822
-13.4141;38.3285;33.9996;25.0371;40.7182;0.3822
-13.5625;38.3285;33.9996;25.0410;40.7653;0.3822
-13.7148;38.3285;33.9996;25.0420;40.7653;0.3823
-13.6367;38.3285;33.9996;25.0479;40.6712;0.3823
-13.6367;38.3285;33.9996;25.0479;40.6712;0.3823
-13.6367;38.3285;33.9996;25.0479;40.8594;0.3823
-13.5625;38.3285;33.9996;25.0752;40.7182;0.3822
-13.5625;38.3285;33.9996;25.0752;40.7653;0.3822
-13.5625;38.3285;33.9996;25.0996;40.8594;0.3822
-13.5625;38.3285;33.9996;25.0996;40.7182;0.3822
-13.4883;38.3285;33.9996;25.1104;40.8594;0.3822
-13.4883;38.3285;33.9996;25.1104;40.7653;0.3822
-13.8672;38.3285;33.9996;25.1182;40.8124;0.3823
-13.7891;38.3285;33.9996;25.1104;40.8124;0.3823
-13.7891;38.3285;33.9996;25.1104;40.9065;0.3823
-13.7891;38.3285;33.9996;25.1104;40.7653;0.3823
-13.9375;38.3285;33.9996;25.1113;40.8124;0.3823
-13.9375;38.3285;33.9996;25.1113;40.7653;0.3823
-13.7148;38.3285;33.9996;25.1094;40.8594;0.3823
-13.7148;38.3285;33.9996;25.1094;40.8124;0.3823
-13.8672;38.3285;33.9996;25.1006;40.6712;0.3823
-13.8672;38.3285;33.9996;25.1006;40.9065;0.3823
-13.8672;38.3285;33.9996;25.0967;40.8594;0.3823
-13.8672;38.3285;33.9996;25.0967;40.9065;0.3823
-13.8672;38.3285;33.9996;25.0967;40.8124;0.3823
-13.7891;38.3285;33.9996;25.0947;40.9065;0.3823
-13.8672;38.3285;33.9996;25.1035;40.8594;0.3823
-13.8672;38.3285;33.9996;25.1035;40.8594;0.3823
-13.8672;38.3285;33.9996;25.0928;40.8594;0.3823
-13.8672;38.3285;33.9996;25.0928;40.8594;0.3823
-14.0117;38.3285;33.9996;25.0977;40.9535;0.3823
-14.0117;38.3285;33.9996;25.0977;40.8594;0.3823
-13.8672;38.3285;33.9996;25.1025;40.8594;0.3823
-13.8672;38.3285;33.9996;25.1025;40.8594;0.3823
-13.7148;38.3285;33.9996;25.0996;40.9065;0.3823
-13.8672;38.3285;33.9996;25.1006;40.8594;0.3823
-13.8672;38.3285;33.9996;25.1006;40.8124;0.3823
-14.0898;38.3285;33.9996;25.0996;40.8594;0.3824
-14.0898;38.3285;33.9996;25.0996;40.8124;0.3824
-14.0898;38.3285;33.9996;25.0996;40.9065;0.3824
-14.0898;38.3285;33.9996;25.1006;40.8124;0.3824
-14.0898;38.3285;33.9996;25.1006;40.8594;0.3824
-14.0117;38.3285;33.9996;25.0967;40.9065;0.3823
-14.0117;38.3285;33.9996;25.0967;40.9535;0.3823
-14.1641;38.3285;33.9996;25.0947;40.9535;0.3824
-14.1641;38.3285;33.9996;25.0947;40.9535;0.3824
-14.1641;38.3285;33.9996;25.0947;40.8594;0.3824
-14.1641;38.3285;33.9996;25.0908;40.9065;0.3824
-14.3125;38.3285;33.9996;25.0898;40.9535;0.3824
-14.1641;38.3285;33.9996;25.0713;40.9065;0.3824
-14.1641;38.3285;33.9996;25.0713;40.9535;0.3824
-14.2422;38.3285;33.9996;25.0654;40.9065;0.3824
-14.2422;38.3285;33.9996;25.0654;40.9065;0.3824
-14.2422;38.3285;33.9996;25.0654;40.8594;0.3824
-14.1641;38.3285;33.9996;25.0723;40.9535;0.3824
-14.1641;38.3285;33.9996;25.0723;40.9065;0.3824
-14.3867;38.3285;33.9996;25.0742;40.9535;0.3824
-14.3125;38.3285;33.9996;25.0771;40.9065;0.3824
-14.1641;38.3285;33.9996;25.0762;41.0006;0.3824
-14.3125;38.3285;33.9996;25.0693;40.9535;0.3824
-14.3125;38.3285;33.9996;25.0693;40.9535;0.3824
-14.0898;38.3285;33.9996;25.0615;40.8124;0.3824
-14.0898;38.3285;33.9996;25.0615;40.9535;0.3824
-14.3125;38.3285;33.9996;25.0586;40.9065;0.3824
-14.2422;38.3285;33.9996;25.0508;40.9065;0.3824
-14.2422;38.3285;33.9996;25.0508;41.0476;0.3824
-14.3867;38.3285;33.9996;25.0527;41.0006;0.3824
-14.3867;38.3285;33.9996;25.0527;40.9535;0.3824
-14.3125;38.3285;33.9996;25.0488;40.9065;0.3824
-14.3125;38.3285;33.9996;25.0488;40.9535;0.3824
-14.4648;38.3285;33.9996;25.0439;40.9535;0.3824
-14.3125;38.3285;33.9996;25.0410;41.0947;0.3824
-14.4648;38.3285;33.9996;25.0439;40.9535;0.3824
-14.4648;38.3285;33.9996;25.0439;41.0006;0.3824
-14.4648;38.3285;33.9996;25.0439;40.9535;0.3824
-14.6914;38.3285;33.9996;25.0313;41.0006;0.3825
-14.6914;38.3285;33.9996;25.0313;41.0947;0.3825
-14.6172;38.3285;33.9996;24.9717;41.0006;0.3825
-14.6172;38.3285;33.9996;24.9258;41.0947;0.3825
-14.6172;38.3285;33.9996;24.9258;41.1418;0.3825
-14.6914;38.3285;33.9996;24.9355;41.0006;0.3825
-14.6914;38.3285;33.9996;24.9355;40.9065;0.3825
-14.4648;38.3285;33.9996;24.9648;41.0476;0.3824
-14.4648;38.3285;33.9996;24.9648;40.9535;0.3824
-14.7656;38.3285;33.9996;24.9854;41.0947;0.3825
-14.7656;38.3285;33.9996;24.9854;41.0947;0.3825
-14.6914;38.3285;33.9996;24.9971;41.0006;0.3825
-14.6914;38.3285;33.9996;24.9971;41.0476;0.3825
-14.6914;38.3285;33.9996;24.9971;41.0006;0.3825
-14.6172;38.3285;33.9996;25.0029;41.1418;0.3825
-14.6172;38.3285;33.9996;25.0029;41.0006;0.3825
-14.6172;38.3285;33.9996;25.0088;41.0006;0.3825
-14.7656;38.3285;33.9996;25.0146;41.0006;0.3825
-14.7656;38.3285;33.9996;25.0205;41.0006;0.3825
-14.6914;38.3285;33.9996;25.0391;41.1418;0.3825
-14.6914;38.3285;33.9996;25.0391;41.0476;0.3825
-14.6914;38.3285;33.9996;25.0635;41.1418;0.3825
-14.6914;38.3285;33.9996;25.0635;41.0006;0.3825
-14.5430;38.3285;33.9996;25.0732;41.0476;0.3824
-14.6914;38.3285;33.9996;25.0732;41.1418;0.3825
-14.6914;38.3285;33.9996;25.0732;41.0947;0.3825
-14.7656;38.3285;33.9996;25.0605;41.0947;0.3825
-14.7656;38.3285;33.9996;25.0605;41.1418;0.3825
-14.9180;38.3285;33.9996;25.0537;41.1418;0.3825
-14.9180;38.3285;33.9996;25.0537;41.0006;0.3825
-14.9180;38.3285;33.9996;25.0537;41.0947;0.3825
-14.9922;38.3285;33.9996;25.0527;41.1418;0.3825
-14.9922;38.3285;33.9996;25.0527;41.0476;0.3825
-14.9180;38.3285;33.9996;25.0488;41.1418;0.3825
-14.9180;38.3285;33.9996;25.0488;41.1888;0.3825
-14.9180;38.3285;33.9996;25.0488;41.0947;0.3825
-14.9922;38.3285;33.9996;25.0430;41.0476;0.3825
-14.9922;38.3285;33.9996;25.0430;41.0006;0.3825
-15.1406;38.3285;33.9996;25.0693;41.0947;0.3826
-15.1406;38.3285;33.9996;25.0693;41.0947;0.3826
-15.1406;38.3286;33.9996;25.0693;41.1418;0.3826
-15.1406;38.3286;33.9996;25.0693;41.1888;0.3826
-15.2930;38.3286;33.9996;25.0703;41.1418;0.3826
-15.2930;38.3286;33.9996;25.0703;41.0947;0.3826
-15.2930;38.3286;33.9996;25.0703;41.0947;0.3826
-15.2148;38.3286;33.9996;25.0713;41.1418;0.3826
-15.1406;38.3286;33.9996;25.0615;41.1418;0.3826
-15.1406;38.3286;33.9996;25.0615;41.1888;0.3826
-15.1406;38.3286;33.9996;25.0615;41.1888;0.3826
-15.3672;38.3286;33.9996;25.0537;41.1418;0.3826
-15.3672;38.3286;33.9996;25.0537;41.2829;0.3826
-15.3672;38.3286;33.9996;25.0449;41.1418;0.3826
-15.5156;38.3286;33.9996;25.0244;41.0947;0.3826
-15.3672;38.3286;33.9996;24.9092;41.1418;0.3826
-15.2148;38.3286;33.9996;24.8740;41.0476;0.3826
-15.2148;38.3286;33.9996;24.8740;41.1418;0.3826
-15.5156;38.3286;33.9996;24.8350;41.1888;0.3826
-15.5156;38.3286;33.9996;24.8350;41.2359;0.3826
-15.5156;38.3286;33.9996;24.8350;41.1888;0.3826
-15.5156;38.3286;33.9996;24.7637;41.1888;0.3826
-15.5156;38.3286;33.9996;24.7637;41.2829;0.3826
-15.5156;38.3286;33.9996;24.7637;41.1888;0.3826
-15.4414;38.3286;33.9996;24.7324;41.1418;0.3826
-15.4414;38.3286;33.9996;24.7324;41.1888;0.3826
-15.5156;38.3286;33.9996;24.6895;41.1888;0.3826
-15.5156;38.3286;33.9996;24.6895;41.1888;0.3826
-15.5156;38.3286;33.9996;24.6895;41.1888;0.3826
-15.7422;38.3286;33.9996;24.6719;41.1888;0.3827
-15.8164;38.3286;33.9996;24.6670;41.2359;0.3827
-15.8164;38.3286;33.9996;24.6670;41.2829;0.3827
-15.8164;38.3286;33.9996;24.6670;41.2359;0.3827
-15.6680;38.3286;33.9996;24.7881;41.1888;0.3827
-15.6680;38.3286;33.9996;24.7881;41.2359;0.3827
-15.5156;38.3286;33.9996;24.8291;41.2359;0.3826
-15.5156;38.3286;33.9996;24.8291;41.2359;0.3826
-15.7422;38.3286;33.9996;24.8643;41.2829;0.3827
-15.7422;38.3286;33.9996;24.8643;41.1418;0.3827
-15.6680;38.3286;33.9996;24.8896;41.1888;0.3827
-15.8164;38.3286;33.9996;24.9072;41.2359;0.3827
-15.8164;38.3286;33.9996;24.9072;41.1888;0.3827
-15.8164;38.3286;33.9996;24.7725;41.2359;0.3827
-15.8164;38.3286;33.9996;24.7725;41.2829;0.3827
-15.8164;38.3286;33.9996;24.7725;41.2359;0.3827
-15.8906;38.3286;33.9996;24.5029;41.1888;0.3827
-15.8906;38.3286;33.9996;24.5029;41.3300;0.3827
-15.8906;38.3286;33.9996;24.5156;41.2829;0.3827
-15.9648;38.3286;33.9996;24.4951;41.2359;0.3827
-15.9648;38.3286;33.9996;24.4951;41.3771;0.3827
-15.9648;38.3286;33.9996;24.4063;41.3300;0.3827
-15.9648;38.3286;33.9996;24.4063;41.2829;0.3827
-15.9648;38.3286;33.9996;24.4063;41.1888;0.3827
-15.9648;38.3286;33.9996;24.3516;41.2829;0.3827
-15.9648;38.3286;33.9996;24.3584;41.2829;0.3827
-15.9648;38.3286;33.9996;24.3584;41.2359;0.3827
-16.1172;38.3286;33.9996;24.4678;41.3771;0.3828
-15.8906;38.3286;33.9996;24.6367;41.3300;0.3827
-15.9648;38.3286;33.9996;24.7686;41.2829;0.3827
-15.9648;38.3286;33.9996;24.7686;41.2829;0.3827
-15.9648;38.3286;33.9996;24.8594;41.3300;0.3827
-15.9648;38.3286;33.9996;24.8594;41.2829;0.3827
-15.9648;38.3286;33.9996;24.8594;41.1888;0.3827
-16.1172;38.3286;33.9996;24.9053;41.2829;0.3828
-16.1172;38.3286;33.9996;24.9053;41.2359;0.3828
-16.1172;38.3286;33.9996;24.9268;41.2829;0.3828
-16.1914;38.3286;33.9996;24.9512;41.3300;0.3828
-16.1914;38.3286;33.9996;24.9512;41.3300;0.3828
-16.0430;38.3286;33.9996;24.9590;41.2359;0.3828
-16.0430;38.3286;33.9996;24.9590;41.2829;0.3828
-16.0430;38.3286;33.9996;24.9541;41.2359;0.3828
-16.0430;38.3286;33.9996;24.9541;41.3300;0.3828
-16.1172;38.3286;33.9996;24.9668;41.2829;0.3828
-16.1914;38.3286;33.9996;24.9717;41.3771;0.3828
-16.1914;38.3286;33.9996;24.9717;41.3300;0.3828
-16.2656;38.3286;33.9996;24.9844;41.3300;0.3828
-16.2656;38.3286;33.9996;24.9844;41.3300;0.3828
-16.2656;38.3286;33.9996;24.9844;41.3771;0.3828
-16.1914;38.3286;33.9996;24.9990;41.2829;0.3828
-16.1172;38.3286;33.9996;25.0146;41.2829;0.3828
-16.1172;38.3286;33.9996;25.0264;41.3300;0.3828
-16.1172;38.3286;33.9996;25.0264;41.4241;0.3828
-16.1172;38.3286;33.9996;25.0264;41.4712;0.3828
-16.2656;38.3286;33.9996;25.0586;41.3300;0.3828
-16.2656;38.3286;33.9996;25.0586;41.3771;0.3828
-16.4180;38.3286;33.9996;25.0947;41.3771;0.3828
-16.4180;38.3286;33.9996;25.0947;41.2829;0.3828
-16.1914;38.3286;33.9996;25.1260;41.4241;0.3828
-16.1914;38.3286;33.9996;25.1416;41.4241;0.3828
-16.1914;38.3286;33.9996;25.1416;41.3300;0.3828
-16.2656;38.3286;33.9996;25.1299;41.3300;0.3828
-16.2656;38.3286;33.9996;25.1299;41.2829;0.3828
-16.2656;38.3286;33.9996;25.1064;41.3300;0.3828
-16.2656;38.3286;33.9996;25.1064;41.2829;0.3828
-16.2656;38.3286;33.9996;25.1064;41.3771;0.3828
-16.4922;38.3286;33.9996;25.0889;41.3771;0.3828
-16.4922;38.3286;33.9996;25.0889;41.3300;0.3828
-16.3398;38.3286;33.9996;25.0830;41.4241;0.3828
-16.3398;38.3286;33.9996;25.0830;41.4712;0.3828
-16.3398;38.3286;33.9996;25.0830;41.4241;0.3828
-16.5664;38.3286;33.9996;25.1104;41.4241;0.3829
-16.3398;38.3286;33.9996;25.1357;41.4241;0.3828
-16.4180;38.3286;33.9996;25.1670;41.3771;0.3828
-16.4180;38.3286;33.9996;25.1670;41.3300;0.3828
-16.4180;38.3286;33.9996;25.1670;41.4241;0.3828
-16.4922;38.3286;33.9996;25.2031;41.3300;0.3828
-16.4922;38.3286;33.9996;25.2031;41.3771;0.3828
-16.2656;38.3286;33.9996;25.2051;41.4241;0.3828
-16.4180;38.3286;33.9996;25.1934;41.5182;0.3828
-16.4180;38.3286;33.9996;25.1934;41.4241;0.3828
-16.4180;38.3286;33.9996;25.1816;41.4241;0.3828
-16.4922;38.3286;33.9996;25.1729;41.4241;0.3828
-16.4922;38.3286;33.9996;25.1729;41.3771;0.3828
-16.4922;38.3286;33.9996;25.1758;41.3771;0.3828
-16.4180;38.3286;33.9996;25.1729;41.3771;0.3828
-16.5664;38.3286;33.9996;25.1592;41.3300;0.3829
-16.7148;38.3286;33.9996;25.1416;41.4241;0.3829
-16.5664;38.3286;33.9996;25.2012;41.3771;0.3829
-16.5664;38.3286;33.9996;25.2012;41.4241;0.3829
-16.5664;38.3286;33.9996;25.1289;41.4241;0.3829
-16.5664;38.3286;33.9996;25.1289;41.3771;0.3829
-16.7148;38.3286;33.9996;25.1025;41.4712;0.3829
-16.7148;38.3286;33.9996;25.1025;41.4712;0.3829
-16.7148;38.3286;33.9996;25.1025;41.4241;0.3829
-16.6406;38.3286;33.9996;25.0967;41.4712;0.3829
-16.6406;38.3286;33.9996;25.0967;41.5182;0.3829
-16.4180;38.3286;33.9996;25.1064;41.4712;0.3828
-16.4180;38.3286;33.9996;25.1064;41.5182;0.3828
-16.6406;38.3286;33.9996;25.0410;41.4712;0.3829
-16.7148;38.3286;33.9996;25.0615;41.4712;0.3829
-16.7148;38.3286;33.9996;25.0615;41.4241;0.3829
-16.7930;38.3286;33.9996;25.0869;41.4712;0.3829
-16.7930;38.3286;33.9996;25.0869;41.4712;0.3829
-16.7930;38.3286;33.9996;25.0869;41.4241;0.3829
-16.7930;38.3286;33.9996;25.1035;41.5182;0.3829
-16.8672;38.3286;33.9996;25.1221;41.5653;0.3829
-16.8672;38.3286;33.9996;25.1221;41.5182;0.3829
-16.7930;38.3286;33.9996;25.1357;41.5182;0.3829
-16.8672;38.3286;33.9996;25.1143;41.5182;0.3829
-16.9414;38.3286;33.9996;25.1436;41.4712;0.3829
-16.9414;38.3286;33.9996;25.1436;41.5182;0.3829
-16.9414;38.3286;33.9996;25.1436;41.3771;0.3829
-16.7930;38.3286;33.9996;25.1025;41.3771;0.3829
-16.7930;38.3286;33.9996;25.1025;41.5653;0.3829
-16.8672;38.3286;33.9996;25.0449;41.5653;0.3829
-16.7148;38.3285;33.9996;25.0303;41.5653;0.3829
-16.7148;38.3285;33.9996;25.0303;41.5182;0.3829
-16.7148;38.3285;33.9996;25.0303;41.4712;0.3829
-17.0156;38.3286;33.9996;25.0313;41.5182;0.3829
-16.8672;38.3285;33.9996;25.0264;41.5182;0.3829
-16.8672;38.3285;33.9996;25.0264;41.5182;0.3829
-16.8672;38.3285;33.9996;25.0049;41.5182;0.3829
-16.8672;38.3286;33.9996;25.0049;41.5653;0.3829
-16.8672;38.3286;33.9996;25.0010;41.4241;0.3829
-16.8672;38.3286;33.9996;25.0010;41.4241;0.3829
-17.0898;38.3286;33.9996;25.0068;41.5653;0.3830
-17.0898;38.3286;33.9996;24.9941;41.5182;0.3830
-16.9414;38.3286;33.9996;24.9795;41.5653;0.3829
-17.0156;38.3286;33.9996;25.0107;41.5653;0.3829
-17.0156;38.3286;33.9996;25.0107;41.7065;0.3829
-17.2422;38.3286;33.9996;25.0459;41.4712;0.3830
-17.2422;38.3286;33.9996;25.0459;41.5653;0.3830
-17.2422;38.3286;33.9996;25.0459;41.5182;0.3830
-17.3164;38.3286;33.9996;25.0205;41.5182;0.3830
-17.3164;38.3286;33.9996;25.0205;41.5182;0.3830
-17.0898;38.3286;33.9996;25.0830;41.4712;0.3830
-17.0156;38.3286;33.9996;25.1367;41.5182;0.3829
-17.0156;38.3286;33.9996;25.1367;41.5653;0.3829
-17.0156;38.3286;33.9996;25.1719;41.5182;0.3829
-17.0156;38.3286;33.9996;25.1719;41.5653;0.3829
-17.3164;38.3286;33.9996;25.1689;41.6124;0.3830
-17.3164;38.3286;33.9996;25.1689;41.6124;0.3830
-17.1680;38.3286;33.9996;25.1621;41.5182;0.3830
-17.1680;38.3286;33.9996;25.1660;41.5182;0.3830
-17.1680;38.3286;33.9996;25.1660;41.5182;0.3830
-17.2422;38.3286;33.9996;25.1611;41.5182;0.3830
-17.2422;38.3286;33.9996;25.1611;41.5653;0.3830
-17.1680;38.3286;33.9996;25.1533;41.4712;0.3830
-17.0898;38.3286;33.9996;25.0732;41.5653;0.3830
-17.0898;38.3286;33.9996;25.0732;41.6124;0.3830
-17.1680;38.3286;33.9996;25.1025;41.6124;0.3830
-17.1680;38.3286;33.9996;25.1025;41.5653;0.3830
-17.1680;38.3286;33.9996;25.1025;41.5653;0.3830
-17.0156;38.3286;33.9996;25.1182;41.6124;0.3829
-17.0156;38.3286;33.9996;25.1182;41.6594;0.3829
-16.8672;38.3286;33.9996;25.1270;41.5182;0.3829
-16.8672;38.3286;33.9996;25.1270;41.5182;0.3829
-16.8672;38.3286;33.9996;25.1270;41.5182;0.3829
-17.1680;38.3286;33.9996;25.0928;41.6124;0.3830
-17.1680;38.3285;33.9996;25.0928;41.6124;0.3830
-17.0156;38.3285;33.9996;25.0967;41.6124;0.3829
-17.0156;38.3285;33.9996;25.0967;41.4712;0.3829
-17.0156;38.3285;33.9996;25.0596;41.6124;0.3829
-17.0156;38.3285;33.9996;25.0596;41.5182;0.3829
-17.0156;38.3285;33.9996;25.0596;41.4712;0.3829
-17.1680;38.3285;33.9996;25.0801;41.5653;0.3830
-17.1680;38.3285;33.9996;25.0801;41.5653;0.3830
-17.2422;38.3285;33.9996;25.1006;41.6124;0.3830
-17.0156;38.3285;33.9996;25.0938;41.5182;0.3829
-17.0156;38.3285;33.9996;25.0938;41.5653;0.3829
-17.0156;38.3285;33.9996;25.0967;41.6124;0.3829
-17.0156;38.3285;33.9996;25.0967;41.6594;0.3829
-17.4648;38.3285;33.9996;25.1094;41.5653;0.3830
-17.4648;38.3285;33.9996;25.1094;41.5653;0.3830
-17.3945;38.3285;33.9996;25.1074;41.5653;0.3830
-17.1680;38.3285;33.9996;25.0977;41.7065;0.3830
-17.1680;38.3285;33.9996;25.0977;41.5653;0.3830
-17.4648;38.3285;33.9996;25.0537;41.6124;0.3830
-17.4648;38.3285;33.9996;25.0537;41.5653;0.3830
-17.4648;38.3285;33.9996;25.0537;41.6124;0.3830
-17.4648;38.3285;33.9996;25.0186;41.7065;0.3830
-17.3164;38.3285;33.9996;24.9951;41.6594;0.3830
-17.3164;38.3286;33.9996;24.9951;41.5653;0.3830
-17.3164;38.3285;33.9996;24.9922;41.7065;0.3830
-17.4648;38.3286;33.9996;24.9941;41.5653;0.3830
-17.4648;38.3286;33.9996;24.9941;41.5653;0.3830
-17.4648;38.3286;33.9996;24.9775;41.6124;0.3830
-17.4648;38.3285;33.9996;24.9775;41.5653;0.3830
-17.4648;38.3285;33.9996;24.9678;41.5653;0.3830
-17.4648;38.3285;33.9996;24.9678;41.6124;0.3830
-17.3164;38.3286;33.9996;24.9648;41.6594;0.3830
-17.3164;38.3286;33.9996;24.9648;41.6594;0.3830
-17.5430;38.3286;33.9996;24.9648;41.6124;0.3831
-17.4648;38.3286;33.9996;24.9609;41.6124;0.3830
-17.4648;38.3286;33.9996;24.9609;41.6594;0.3830
-17.4648;38.3285;33.9996;24.9619;41.6594;0.3830
-17.4648;38.3285;33.9996;24.9619;41.6124;0.3830
-17.4648;38.3285;33.9996;24.9619;41.6594;0.3830
-17.4648;38.3285;33.9996;24.9600;41.6594;0.3830
-17.6914;38.3285;33.9996;24.9492;41.6594;0.3831
-17.8438;38.3285;33.9996;24.9307;41.7065;0.3831
-17.8438;38.3285;33.9996;24.9307;41.7065;0.3831
-17.8438;38.3285;33.9996;24.9307;41.7535;0.3831
-17.6914;38.3286;33.9996;24.9258;41.6594;0.3831
-17.6914;38.3286;33.9996;24.9258;41.7065;0.3831
-17.6914;38.3286;33.9996;24.9258;41.6594;0.3831
-17.6914;38.3286;33.9996;24.9287;41.7535;0.3831
-17.6914;38.3286;33.9996;24.9287;41.6594;0.3831
-17.8438;38.3286;33.9996;24.9287;41.7535;0.3831
-17.8438;38.3286;33.9996;24.9287;41.6594;0.3831
-17.8438;38.3286;33.9996;24.9287;41.7535;0.3831
-17.7695;38.3286;33.9996;24.8662;41.7065;0.3831
-17.7695;38.3286;33.9996;24.9346;41.8006;0.3831
-17.6172;38.3286;33.9996;24.9160;41.6594;0.3831
-17.6172;38.3286;33.9996;24.9160;41.7065;0.3831
-17.6172;38.3286;33.9996;24.9014;41.7065;0.3831
-17.6172;38.3286;33.9996;24.8936;41.7065;0.3831
-17.6172;38.3286;33.9996;24.8936;41.7065;0.3831
-17.6914;38.3286;33.9996;24.8662;41.7535;0.3831
-17.6914;38.3286;33.9996;24.8662;41.6594;0.3831
-17.6914;38.3286;33.9996;24.8662;41.7535;0.3831
-18.0664;38.3286;33.9996;24.8164;41.7065;0.3832
-18.0664;38.3286;33.9996;24.8164;41.7065;0.3832
-17.7695;38.3286;33.9996;24.5186;41.7065;0.3831
-17.9180;38.3286;33.9996;24.7324;41.7535;0.3831
-17.7695;38.3286;33.9996;24.7236;41.7535;0.3831
-17.7695;38.3286;33.9996;24.7236;41.7065;0.3831
-17.7695;38.3286;33.9996;24.7471;41.7535;0.3831
-17.7695;38.3286;33.9996;24.7471;41.7065;0.3831
-17.8438;38.3286;33.9996;24.8018;41.7535;0.3831
-17.7695;38.3286;33.9996;24.7979;41.7535;0.3831
-17.7695;38.3286;33.9996;24.7979;41.7065;0.3831
-17.9180;38.3286;33.9996;24.8311;41.7065;0.3831
-17.9180;38.3286;33.9996;24.8311;41.7535;0.3831
-18.0664;38.3285;33.9996;24.8662;41.6124;0.3832
-18.0664;38.3285;33.9996;24.8662;41.8006;0.3832
-18.0664;38.3285;33.9996;24.8730;41.7065;0.3832
-18.0664;38.3285;33.9996;24.8730;41.7065;0.3832
-17.9180;38.3285;33.9996;24.8535;41.6594;0.3831
-17.9180;38.3285;33.9996;24.8535;41.6594;0.3831
-17.9180;38.3285;33.9996;24.8203;41.6594;0.3831
-17.9180;38.3285;33.9996;24.8203;41.8006;0.3831
-17.9180;38.3285;33.9996;24.8203;41.7065;0.3831
-18.2188;38.3285;33.9996;24.8340;41.7535;0.3832
-18.2188;38.3285;33.9996;24.8340;41.7065;0.3832
-18.0664;38.3286;33.9996;24.8457;41.7535;0.3832
-18.2188;38.3286;33.9996;24.8486;41.7535;0.3832
-18.2188;38.3286;33.9996;24.8486;41.7065;0.3832
-17.7695;38.3286;33.9996;24.8486;41.6594;0.3831
-17.7695;38.3286;33.9996;24.8486;41.7535;0.3831
-17.7695;38.3286;33.9996;24.8486;41.7535;0.3831
-18.0664;38.3286;33.9996;24.8545;41.8006;0.3832
-18.0664;38.3286;33.9996;24.8545;41.8006;0.3832
-18.0664;38.3286;33.9996;24.8408;41.8476;0.3832
-18.0664;38.3286;33.9996;24.8408;41.8006;0.3832
-18.0664;38.3286;33.9996;24.8330;41.7065;0.3832
-18.0664;38.3286;33.9996;24.8330;41.7535;0.3832
-18.0664;38.3286;33.9996;24.8330;41.7535;0.3832
-18.0664;38.3286;33.9996;24.8330;41.8006;0.3832
-18.2188;38.3286;33.9996;24.8330;41.7535;0.3832
-18.2188;38.3286;33.9996;24.8242;41.7535;0.3832
-18.2188;38.3286;33.9996;24.8281;41.8476;0.3832
-18.2188;38.3286;33.9996;24.8281;41.8006;0.3832
-18.0664;38.3286;33.9996;24.8340;41.8476;0.3832
-18.0664;38.3286;33.9996;24.8369;41.7535;0.3832
-18.2188;38.3286;33.9996;24.8457;41.7535;0.3832
-18.2188;38.3286;33.9996;24.8457;41.7535;0.3832
-18.3672;38.3286;33.9996;24.8330;41.7535;0.3832
-18.3672;38.3286;33.9996;24.8330;41.8006;0.3832
-18.3672;38.3286;33.9996;24.8330;41.8006;0.3832
-18.2188;38.3286;33.9996;24.7939;41.8006;0.3832
-18.2188;38.3286;33.9996;24.7939;41.8006;0.3832
-18.2930;38.3286;33.9996;24.7871;41.8006;0.3832
-18.1445;38.3286;33.9996;24.8086;41.8006;0.3832
-18.1445;38.3286;33.9996;24.8086;41.7535;0.3832
-18.2188;38.3286;33.9996;24.8271;41.8476;0.3832
-18.2188;38.3286;33.9996;24.8271;41.8476;0.3832
-18.2930;38.3286;33.9996;24.8340;41.8476;0.3832
-18.2930;38.3286;33.9996;24.8340;41.7535;0.3832
-18.2930;38.3286;33.9996;24.8438;41.8476;0.3832
-18.2930;38.3286;33.9996;24.8438;41.7535;0.3832
-18.2930;38.3286;33.9996;24.8555;41.7535;0.3832
-18.2930;38.3286;33.9996;24.8555;41.8476;0.3832
-18.3672;38.3286;33.9996;24.8662;41.8006;0.3832
-18.3672;38.3286;33.9996;24.8662;41.8476;0.3832
-18.3672;38.3286;33.9996;24.8662;41.8476;0.3832
-18.4414;38.3286;33.9996;24.8564;41.8947;0.3832
-18.2930;38.3286;33.9996;24.8535;41.7535;0.3832
-18.2930;38.3286;33.9996;24.8535;41.8476;0.3832
-18.5156;38.3286;33.9996;24.8535;41.8476;0.3833
-18.5156;38.3286;33.9996;24.8535;41.8476;0.3833
-18.3672;38.3286;33.9996;24.8379;41.8947;0.3832
-18.3672;38.3286;33.9996;24.8379;41.8476;0.3832
-18.6680;38.3286;33.9996;24.8232;41.8476;0.3833
-18.5156;38.3286;33.9996;24.8242;41.8947;0.3833
-18.5156;38.3286;33.9996;24.8242;41.8476;0.3833
-18.5938;38.3286;33.9996;24.8281;41.7535;0.3833
-18.5938;38.3286;33.9996;24.8281;41.8006;0.3833
-18.5938;38.3286;33.9996;24.8281;41.8476;0.3833
-18.3672;38.3286;33.9996;24.8271;41.7535;0.3832
-18.5156;38.3286;33.9996;24.8115;41.8947;0.3833
-18.5156;38.3286;33.9996;24.8115;41.7535;0.3833
-18.4414;38.3286;33.9996;24.7979;41.8947;0.3832
-18.4414;38.3286;33.9996;24.7979;41.8476;0.3832
-18.4414;38.3286;33.9996;24.7979;41.8947;0.3832
-18.5156;38.3285;33.9996;24.7832;41.8947;0.3833
-18.4414;38.3285;33.9996;24.7637;41.9418;0.3832
-18.3672;38.3285;33.9996;24.7656;41.8947;0.3832
-18.3672;38.3285;33.9996;24.7656;41.8476;0.3832
-18.5938;38.3285;33.9996;24.7764;41.9418;0.3833
-18.5938;38.3285;33.9996;24.7764;41.8006;0.3833
-18.5938;38.3285;33.9996;24.7764;41.8476;0.3833
-18.5156;38.3285;33.9996;24.7686;41.8476;0.3833
-18.5156;38.3285;33.9996;24.7686;41.8476;0.3833
-18.5938;38.3285;33.9996;24.7754;41.8006;0.3833
-18.5156;38.3285;33.9996;24.7803;41.8947;0.3833
-18.6680;38.3285;33.9996;24.7842;41.9418;0.3833
-18.6680;38.3285;33.9996;24.7842;41.8947;0.3833
-18.6680;38.3285;33.9996;24.7803;41.8947;0.3833
-18.8164;38.3285;33.9996;24.7783;41.9418;0.3833
-18.8164;38.3285;33.9996;24.7783;41.8476;0.3833
-18.8164;38.3285;33.9996;24.7783;41.8006;0.3833
-18.6680;38.3285;33.9996;24.7510;41.9888;0.3833
-18.6680;38.3285;33.9996;24.7510;41.9418;0.3833
-18.6680;38.3285;33.9996;24.7510;41.9418;0.3833
-18.6680;38.3285;33.9997;24.6699;42.0359;0.3833
-18.6680;38.3285;33.9997;24.6699;41.8947;0.3833
-18.8906;38.3285;33.9997;24.6631;41.8947;0.3833
-18.9688;38.3285;33.9997;24.6846;41.8476;0.3833
-18.9688;38.3285;33.9997;24.6846;41.8947;0.3833
-18.9688;38.3285;33.9997;24.6846;41.9418;0.3833
-18.9688;38.3285;33.9997;24.8877;41.9418;0.3833
-18.6680;38.3285;33.9997;25.0117;41.8947;0.3833
-18.8906;38.3285;33.9997;25.0381;41.9888;0.3833
-18.8906;38.3285;33.9997;25.0381;41.9888;0.3833
-18.9688;38.3285;33.9997;25.0352;41.8947;0.3833
-18.8906;38.3285;33.9997;25.0313;41.8476;0.3833
-18.8906;38.3285;33.9997;25.0313;41.9418;0.3833
-19.0430;38.3284;33.9997;25.0244;41.9418;0.3834
-19.0430;38.3284;33.9997;25.0244;41.9418;0.3834
-19.0430;38.3284;33.9997;25.0244;41.9418;0.3834
-19.0430;38.3284;33.9997;25.0313;41.8947;0.3834
-19.0430;38.3284;33.9997;25.0313;42.0359;0.3834
-18.8906;38.3284;33.9997;25.0840;42.0359;0.3833
-18.9688;38.3284;33.9997;25.0850;42.0829;0.3833
-18.9688;38.3284;33.9997;25.1494;41.8476;0.3833
-18.8164;38.3284;33.9997;25.2139;41.9418;0.3833
-18.8164;38.3284;33.9997;25.2139;41.8947;0.3833
-18.8164;38.3284;33.9997;25.2451;41.8947;0.3833
-18.8164;38.3284;33.9997;25.2451;41.9418;0.3833
-18.8164;38.3284;33.9997;25.2451;41.9888;0.3833
-18.6680;38.3284;33.9997;25.2539;41.9418;0.3833
-18.6680;38.3284;33.9997;25.2539;41.8947;0.3833
-18.8164;38.3284;33.9997;25.2627;41.8947;0.3833
-18.8164;38.3284;33.9997;25.2627;41.8476;0.3833
-18.9688;38.3284;33.9997;25.2461;41.8947;0.3833
-18.9688;38.3284;33.9997;25.2461;41.8947;0.3833
-18.9688;38.3284;33.9997;25.2461;41.9418;0.3833
-19.1172;38.3284;33.9997;25.2432;41.9418;0.3834
-19.1172;38.3284;33.9997;25.2363;41.9888;0.3834
-19.1172;38.3284;33.9997;25.2363;42.0359;0.3834
-19.1172;38.3284;33.9997;25.1865;41.8947;0.3834
-19.1172;38.3284;33.9997;25.1865;41.9888;0.3834
-19.1172;38.3284;33.9997;25.1650;41.8476;0.3834
-19.1172;38.3284;33.9997;25.1650;41.9888;0.3834
-18.9688;38.3284;33.9997;25.0947;41.9888;0.3833
-19.3438;38.3284;33.9997;25.0830;41.9418;0.3834
-19.1914;38.3284;33.9997;25.0752;42.0359;0.3834
-19.1914;38.3284;33.9997;25.0752;41.9888;0.3834
-19.2656;38.3284;33.9997;25.1025;42.0359;0.3834
-19.2656;38.3284;33.9997;25.1025;41.9418;0.3834
-19.2656;38.3284;33.9997;25.1025;42.0359;0.3834
-19.1172;38.3284;33.9997;25.1377;42.0359;0.3834
-19.1172;38.3284;33.9997;25.1377;42.0359;0.3834
-19.1914;38.3284;33.9997;25.1455;41.9888;0.3834
-19.1914;38.3284;33.9997;25.1455;41.9888;0.3834
-19.1914;38.3284;33.9997;25.0967;42.1300;0.3834
-19.1914;38.3284;33.9997;25.0967;41.9888;0.3834
-19.1172;38.3284;33.9997;25.0693;41.9888;0.3834
-19.1172;38.3284;33.9997;25.0693;41.8476;0.3834
-19.2656;38.3284;33.9997;25.0322;42.0359;0.3834
-19.0430;38.3284;33.9997;25.0361;42.0359;0.3834
-19.0430;38.3284;33.9997;25.0361;41.9888;0.3834
-19.1172;38.3284;33.9997;25.0508;41.9888;0.3834
-19.2656;38.3284;33.9997;25.0479;41.9888;0.3834
-19.1914;38.3284;33.9997;25.0439;42.0359;0.3834
-19.1914;38.3284;33.9997;25.0439;42.0359;0.3834
-19.1172;38.3284;33.9997;25.0361;42.0359;0.3834
-19.3438;38.3284;33.9997;25.0107;41.9418;0.3834
-19.3438;38.3284;33.9997;25.0107;42.0359;0.3834
-19.3438;38.3284;33.9997;25.0107;42.0359;0.3834
-19.2656;38.3284;33.9997;25.0146;41.9888;0.3834
-19.4180;38.3284;33.9997;25.0264;42.0829;0.3834
-19.4180;38.3284;33.9997;25.0264;42.0359;0.3834
-19.2656;38.3284;33.9997;24.9795;41.9888;0.3834
-19.2656;38.3284;33.9997;24.9795;42.0359;0.3834
-19.2656;38.3284;33.9997;24.9795;42.0359;0.3834
-19.2656;38.3284;33.9997;24.9639;42.0359;0.3834
-19.2656;38.3284;33.9997;24.9639;41.9888;0.3834
-19.2656;38.3284;33.9997;24.9639;42.1300;0.3834
-19.2656;38.3284;33.9997;24.9639;42.0829;0.3834
-19.2656;38.3284;33.9997;24.9639;42.0359;0.3834
-19.2656;38.3284;33.9997;24.9541;42.0359;0.3834
-19.2656;38.3284;33.9997;24.9570;42.0359;0.3834
-19.3438;38.3284;33.9997;24.9492;42.0829;0.3834
-19.3438;38.3284;33.9997;24.9492;42.0359;0.3834
-19.3438;38.3284;33.9997;24.9492;42.1300;0.3834
-19.4922;38.3284;33.9997;24.9355;42.0359;0.3835
-19.4922;38.3284;33.9997;24.9355;42.1771;0.3835
-19.3438;38.3284;33.9997;24.9385;42.1771;0.3834
-19.1172;38.3284;33.9997;24.9277;42.0359;0.3834
-19.1172;38.3284;33.9997;24.9277;42.0829;0.3834
-19.4180;38.3284;33.9997;24.9150;41.9888;0.3834
-19.4180;38.3284;33.9997;24.9150;42.1300;0.3834
-19.2656;38.3284;33.9997;24.9746;42.0829;0.3834
-19.2656;38.3284;33.9997;24.9746;42.0829;0.3834
-19.4180;38.3284;33.9997;25.0615;42.0359;0.3834
-19.3438;38.3284;33.9997;25.0908;42.0359;0.3834
-19.3438;38.3284;33.9997;25.0908;42.0359;0.3834
-19.3438;38.3284;33.9997;25.0830;42.0359;0.3834
-19.3438;38.3284;33.9997;25.0830;42.1300;0.3834
-19.3438;38.3284;33.9997;25.0830;42.1300;0.3834
-19.3438;38.3284;33.9997;25.0830;42.0359;0.3834
-19.3438;38.3284;33.9997;25.0830;41.9888;0.3834
-19.4180;38.3284;33.9997;25.0645;42.0359;0.3834
-19.4180;38.3284;33.9997;25.0645;42.0359;0.3834
-19.2656;38.3284;33.9997;25.0488;42.0829;0.3834
-19.2656;38.3284;33.9997;25.0391;42.0359;0.3834
-19.2656;38.3284;33.9997;25.0391;42.0829;0.3834
-19.4180;38.3284;33.9997;25.0264;42.0829;0.3834
-19.4180;38.3284;33.9997;25.0264;42.0829;0.3834
-19.4180;38.3284;33.9997;25.0186;42.1300;0.3834
-19.4180;38.3284;33.9997;25.0186;42.1300;0.3834
-19.4180;38.3284;33.9997;25.0176;42.0359;0.3834
-19.3438;38.3284;33.9997;25.0439;42.0359;0.3834
-19.3438;38.3284;33.9997;25.0439;42.0359;0.3834
-19.4180;38.3284;33.9997;25.0469;42.0829;0.3834
-19.4180;38.3284;33.9997;25.0469;42.1300;0.3834
-19.4180;38.3284;33.9997;25.0469;42.0829;0.3834
-19.1172;38.3284;33.9997;25.0674;42.1300;0.3834
-19.2656;38.3284;33.9997;25.0693;42.1300;0.3834
-19.2656;38.3284;33.9997;25.0693;42.0829;0.3834
-19.1172;38.3284;33.9997;25.0615;42.1300;0.3834
-19.1172;38.3284;33.9997;25.0615;42.0829;0.3834
-19.3438;38.3284;33.9997;25.0557;42.1300;0.3834
-19.3438;38.3284;33.9997;25.0557;41.9888;0.3834
-19.2656;38.3284;33.9997;25.0557;42.0829;0.3834
-19.4180;38.3284;33.9997;25.0557;42.0829;0.3834
-19.4180;38.3284;33.9997;25.0557;41.9888;0.3834
-19.1914;38.3284;33.9997;25.0557;42.0829;0.3834
-19.1914;38.3284;33.9997;25.0557;42.1300;0.3834
-19.2656;38.3284;33.9997;25.0244;42.1300;0.3834
-19.1914;38.3284;33.9997;24.9883;42.1300;0.3834
-19.1914;38.3284;33.9997;24.9883;42.0359;0.3834
-19.4922;38.3284;33.9997;24.9678;42.0359;0.3835
-19.1172;38.3284;33.9997;24.9629;42.1300;0.3834
-19.1172;38.3284;33.9997;24.9629;41.9888;0.3834
-19.3438;38.3284;33.9997;24.9541;42.1300;0.3834
-19.3438;38.3284;33.9997;24.9541;42.0829;0.3834
-19.3438;38.3284;33.9997;24.9541;42.0359;0.3834
-19.2656;38.3284;33.9997;24.9404;41.9888;0.3834
-19.2656;38.3284;33.9997;24.9404;42.0829;0.3834
-19.4922;38.3284;33.9997;24.9307;42.2241;0.3835
-19.4922;38.3284;33.9997;24.9307;42.0829;0.3835
-19.4180;38.3284;33.9997;24.9053;41.9888;0.3834
-19.4180;38.3284;33.9997;24.9053;42.1300;0.3834
-19.4180;38.3284;33.9997;24.9053;42.1771;0.3834
-19.2656;38.3284;33.9997;24.8994;41.9888;0.3834
-19.2656;38.3284;33.9997;24.8994;42.1300;0.3834
-19.4180;38.3284;33.9997;24.8760;42.0359;0.3834
-19.4180;38.3284;33.9997;24.8760;42.1771;0.3834
-19.4180;38.3284;33.9997;24.8760;42.1300;0.3834
-19.5664;38.3284;33.9997;24.8643;42.0829;0.3835
-19.4180;38.3284;33.9997;24.8662;42.0829;0.3834
-19.4180;38.3284;33.9997;24.8662;42.0829;0.3834
-19.4180;38.3284;33.9997;24.8662;42.0829;0.3834
-19.4180;38.3284;33.9997;24.8662;42.1300;0.3834
-19.5664;38.3284;33.9997;24.8711;42.1771;0.3835
-19.5664;38.3284;33.9997;24.8711;42.0359;0.3835
-19.4180;38.3284;33.9997;24.8701;42.0359;0.3834
-19.5664;38.3284;33.9997;24.8555;42.1771;0.3835
-19.5664;38.3284;33.9997;24.8555;42.1300;0.3835
-19.5664;38.3284;33.9997;24.7979;42.1300;0.3835
-19.5664;38.3284;33.9997;24.7979;42.1300;0.3835
-19.5664;38.3284;33.9997;24.8359;42.0359;0.3835
-19.5664;38.3284;33.9997;24.8359;42.0829;0.3835
-19.5664;38.3284;33.9997;24.8359;42.1300;0.3835
-19.6406;38.3284;33.9997;24.8271;42.1771;0.3835
-19.5664;38.3284;33.9997;24.8164;42.1300;0.3835
-19.5664;38.3284;33.9997;24.8164;42.1771;0.3835
-19.8672;38.3284;33.9997;24.8154;42.1300;0.3835
-19.8672;38.3284;33.9997;24.8154;42.1300;0.3835
-19.7148;38.3284;33.9997;24.8135;42.1771;0.3835
-19.7148;38.3284;33.9997;24.8135;42.1300;0.3835
-19.7148;38.3284;33.9997;24.8135;42.0829;0.3835
-19.6406;38.3284;33.9997;24.8066;42.1300;0.3835
-19.6406;38.3284;33.9997;24.8066;42.1300;0.3835
-19.5664;38.3284;33.9997;24.7979;42.1300;0.3835
-19.5664;38.3284;33.9997;24.7979;42.1300;0.3835
-19.6406;38.3284;33.9997;24.7871;42.2241;0.3835
-19.6406;38.3284;33.9997;24.7871;42.1300;0.3835
-19.6406;38.3284;33.9997;24.7793;42.1300;0.3835
-19.6406;38.3284;33.9997;24.7793;42.2241;0.3835
-19.6406;38.3284;33.9997;24.7793;42.1300;0.3835
-19.4922;38.3284;33.9997;24.7705;42.1300;0.3835
-19.4180;38.3284;33.9997;24.7627;42.1771;0.3834
-19.4180;38.3284;33.9997;24.7627;42.1300;0.3834
-19.5664;38.3284;33.9997;24.7568;42.0829;0.3835
-19.5664;38.3284;33.9997;24.7568;42.0359;0.3835
-19.4180;38.3284;33.9997;24.7568;42.1771;0.3834
-19.4180;38.3284;33.9997;24.7568;42.0829;0.3834
-19.4922;38.3284;33.9997;24.7666;42.1300;0.3835
-19.5664;38.3284;33.9997;24.7764;42.0829;0.3835
-19.5664;38.3284;33.9997;24.7764;42.1771;0.3835
-19.4180;38.3284;33.9997;24.7705;42.1300;0.3834
-19.4180;38.3284;33.9997;24.7705;42.1771;0.3834
-19.4180;38.3284;33.9997;24.7705;42.1300;0.3834
-19.7930;38.3284;33.9997;24.7666;42.1771;0.3835
-19.7930;38.3284;33.9997;24.7666;42.0829;0.3835
-19.7930;38.3284;33.9997;24.7666;42.1300;0.3835
-19.5664;38.3284;33.9997;24.7715;42.0829;0.3835
-19.7930;38.3284;33.9997;24.7676;42.1300;0.3835
-19.9414;38.3284;33.9997;24.7393;42.1300;0.3835
-19.5664;38.3284;33.9997;24.7275;42.1771;0.3835
-19.5664;38.3284;33.9997;24.7275;42.1771;0.3835
-19.6406;38.3284;33.9997;24.7354;42.1300;0.3835
-19.4180;38.3284;33.9997;24.8105;42.0829;0.3834
-19.4180;38.3284;33.9997;24.8105;42.0829;0.3834
-19.5664;38.3284;33.9997;24.8311;42.1300;0.3835
-19.5664;38.3284;33.9997;24.8311;42.1300;0.3835
-19.5664;38.3284;33.9997;24.8311;42.1300;0.3835
-19.5664;38.3284;33.9997;24.8096;42.1300;0.3835
-19.5664;38.3284;33.9997;24.8096;42.1300;0.3835
-19.7930;38.3284;33.9997;24.8027;42.0359;0.3835
-19.7148;38.3284;33.9997;24.7900;42.1300;0.3835
-19.7148;38.3284;33.9997;24.7900;42.0829;0.3835
-19.7148;38.3284;33.9997;24.7686;42.1300;0.3835
-19.7148;38.3284;33.9997;24.7686;42.1300;0.3835
-19.5664;38.3284;33.9997;24.7617;42.1771;0.3835
-19.5664;38.3284;33.9997;24.7617;42.2241;0.3835
-19.7930;38.3284;33.9997;24.7627;42.0829;0.3835
-19.7930;38.3284;33.9997;24.7627;42.1300;0.3835
-19.7930;38.3284;33.9997;24.7627;42.1771;0.3835
-19.8672;38.3284;33.9997;24.7656;42.2241;0.3835
-19.8672;38.3284;33.9997;24.7656;42.1300;0.3835
-19.8672;38.3284;33.9997;24.7676;42.1300;0.3835
-19.8672;38.3284;33.9997;24.7676;42.1771;0.3835
-19.8672;38.3284;33.9997;24.7676;42.1771;0.3835
-20.0898;38.3284;33.9997;24.6797;42.1300;0.3836
-20.0898;38.3284;33.9997;24.6797;42.0829;0.3836
-19.7148;38.3284;33.9997;24.7354;42.1300;0.3835
-19.7148;38.3284;33.9997;24.7354;42.1771;0.3835
-19.7148;38.3284;33.9997;24.7354;42.2241;0.3835
